Workbook

Sheet Daily Data
A1: Site Name | B1: GSECL_Vasundhara | C1: =VLOOKUP(B1,Master!A2:B83,2,0) -> Vasundhara
A2: Date | B2: 46130
A3: Expected Generation | B3: =VLOOKUP($B$2,INDIRECT("'"&$C$1&"'!A4:P66"),2,FALSE) -> 92356
A4: Guaranteed Generation (kWh) | B4: =VLOOKUP($B$2,INDIRECT("'"&$C$1&"'!A4:P66"),3,FALSE) -> 88158
A5: Inverter Generation (kWh) | B5: =VLOOKUP($B$2,INDIRECT("'"&$C$1&"'!A4:P66"),4,FALSE) -> 95194
A6: ABT Meter Generation at Plant End (kWh) | B6: =VLOOKUP($B$2,INDIRECT("'"&$C$1&"'!A4:P66"),5,FALSE) -> 92400
A7: Generation difference (KWh) | B7: =VLOOKUP($B$2,INDIRECT("'"&$C$1&"'!A4:P66"),6,FALSE) -> 0.079811248
A8: DC-CUF | B8: =VLOOKUP($B$2,INDIRECT("'"&$C$1&"'!A4:P66"),7,FALSE) -> 0.21926018
A9: AC-CUF | B9: =VLOOKUP($B$2,INDIRECT("'"&$C$1&"'!A4:P66"),8,FALSE) -> 0.28331548
A10: Pvsyst Irradiation (kWh/m2) | B10: =VLOOKUP($B$2,INDIRECT("'"&$C$1&"'!A4:P66"),9,FALSE) -> 6.55
A11: Actual Irradiation (kWh/m2) | B11: =VLOOKUP($B$2,INDIRECT("'"&$C$1&"'!A4:P66"),10,FALSE) -> 6.6
A12: Radiation Difference (KWh/m2) | B12: =VLOOKUP($B$2,INDIRECT("'"&$C$1&"'!A4:P66"),11,FALSE) -> 0.0076335878
A13: PR | B13: =VLOOKUP($B$2,INDIRECT("'"&$C$1&"'!A4:P66"),12,FALSE) -> 0.79730975
A14: Plant Availability | B14: =VLOOKUP($B$2,INDIRECT("'"&$C$1&"'!A4:P66"),13,FALSE) -> 1
A15: Grid Availability | B15: =VLOOKUP($B$2,INDIRECT("'"&$C$1&"'!A4:P66"),14,FALSE) -> 0.9662
A16: Losses due to Grid Unavailability | B16: =VLOOKUP($B$2,INDIRECT("'"&$C$1&"'!A4:P66"),15,FALSE) -> 6084
A17: Losses due to Plant Unavailability | B17: =VLOOKUP($B$2,INDIRECT("'"&$C$1&"'!A4:P66"),16,FALSE)

Sheet Master
A1: Site Name | B1: Plant Code | C1: Date | D1: RM
A2: GHCL Phase-1_Musiri | B2: GHCL-1 | C2: 46113 | D2: Mehul Oza
A3: GHCL Phase-2_Musiri | B3: GHCL-2 | C3: 46114 | D3: Mehul Oza
A4: GHCL Phase-3_Ottapidaram | B4: Pollax | C4: 46115 | D4: Mehul Oza
A5: Thaiagarajar Mills_Ottapidaram | B5: GHCL-3 | C5: 46116 | D5: Mehul Oza
A6: Pollax solar solution_Otaapidaram | B6: TMILLS | C6: 46117 | D6: Mehul Oza
A7: VTM Limited | B7: VTM | C7: 46118 | D7: Mehul Oza
A8: Jothi Malleable & Microcast_TSU5_Karambakuddi | B8: JOTHI | C8: 46119 | D8: Mehul Oza
A9: GHCL Limited RT_Manaparai | B9: GHCL MANA | C9: 46120 | D9: Mehul Oza
A10: GHCL Limited RT_Paravai | B10: GHCL Para | C10: 46121 | D10: Mehul Oza
A11: GHCL Limited RT_Paravai-2 | B11: GHCL Para-2 | C11: 46122 | D11: Mehul Oza
A12: Suriya Spinning mills_Aviyoor | B12: SURIYA | C12: 46123 | D12: Mehul Oza
A13: Pantech Synergy_Aviyoor | B13: PANTECH | C13: 46124 | D13: Mehul Oza
... A25: Venus Denim-02 | B25: Venus Denim-02 | C25: 46136 | D25: Naresh Rajput
A26: Vishal Spintex | B26: Vishal Spintex | C26: =C25+1 -> 46137 | D26: Naresh Rajput
A27: Madura Textiles | B27: Madura textiles | C27: =C26+1 -> 46138 | D27: Naresh Rajput
A28: Alkyl Amines | B28: Alkyl Amines | C28: =C27+1 -> 46139 | D28: Naresh Rajput
A29: Pro-zeal green power five_Greenpro_KA | B29: PGP5 | C29: =C28+1 -> 46140 | D29: Mehul Oza
A30: Rishi FIBC_Bommalapura | B30: Rishi Bommalapura | C30: =C29+1 -> 46141 | D30: Mehul Oza
A31: Rishi FIBC_Tearakanambi | B31: RISHI Terakanambi | C31: =C30+1 -> 46142 | D31: Mehul Oza
A32: Automotive axels GO-1_TSU3_KA | B32: AAL GO-1 | C32: =C31+1 -> 46143 | D32: Mehul Oza
A33: Automotive axels GO-2_TSU3_KA | B33: AAL GO-2 | C33: =C32+1 -> 46144 | D33: Mehul Oza
A34: ACG_Tuljapur | B34: ACG_Tuljapur | C34: =C33+1 -> 46145 | D34: Kishan Mehta
A35: Aarti_Akola | B35: Aarti_Akola | C35: =C34+1 -> 46146 | D35: Kishan Mehta
A36: ACG_PZ4 | B36: ACG_PZ4 | C36: =C35+1 -> 46147 | D36: Kishan Mehta
A37: ACG_PAM | B37: ACG_PAM | C37: =C36+1 -> 46148 | D37: Kishan Mehta
... A62: Orito | B62: Orito | C62: =C61+1 -> 46173 | D62: Jahid Hussain
A63: Universal | B63: Universal | D63: Jahid Hussain
A64: Aditya-Arka | B64: Aditya-Arka | D64: Jahid Hussain
A65: Ajay cotspin | B65: Ajay cotspin | D65: Atul Patel
A66: Unitech cotspin | B66: Unitech cotspin | D66: Atul Patel
A67: Lincoln Pharma | B67: Lincoln Pharma | D67: Atul Patel
A68: Kamdhenu Yarn | B68: Kamdhenu Yarn | D68: Atul Patel
A69: Kikani Exports | B69: Kikani Exports | D69: Atul Patel
A70: Linde Engineering | B70: Linde Engineering | D70: Atul Patel
A71: Alembic Pharma Phase 1 | B71: Alembic Pharma Phase 1 | D71: Atul Patel
A72: Alembic Pharma Phase 2 | B72: Alembic Pharma Phase 2 | D72: Atul Patel
A73: Mark Alloys | B73: Mark Alloys | D73: Atul Patel
A74: Ujjaval Alloys | B74: Ujjaval Alloys | D74: Atul Patel
... A83: Vivekanand | B83: Vivekanand | D83: Jahid Hussain
A84: Kamal Textiles | D84: Mehul Oza
A85: MBR Flexibles | D85: Mehul Oza
A86: EMcure_TU37 | D86: Mehul Oza
A87: ARS Phase-1_TU14 | D87: Mehul Oza
A88: Laxmi Mills_TU17 | D88: Mehul Oza
A89: Reliance spinning mills | D89: Mehul Oza
A90: HUL Rajahmundry | D90: Naresh Rajput
A91: HUL Sumerpur | D91: Naresh Rajput
A92: HUL Sonipat | D92: Naresh Rajput
A93: Ginni Filaments | D93: Naresh Rajput
A94: Sainest Tubes | D94: Naresh Rajput
A95: Vikram Aeroma | D95: Naresh Rajput
... A100: AGL | D100: Naresh Rajput

Sheet May-26
A1: Site Name | B1: Ground Mounted/ Roof top | C1: State | D1: DC Capacity MWp | E1: AC Capacity MW | F1: Expected Generation | G1: Guaranteed Generation (kWh) | H1: Inverter Generation (kWh) | I1: ABT Meter Generation at Plant End (kWh) | J1: Generation difference (%) | K1: DC-CUF | L1: AC-CUF | M1: Pvsyst Irradiation (kWh/m2) | N1: Actual Irradiation (kWh/m2) | O1: Radiation Difference (%) | P1: PR | Q1: Plant Availability | R1: Grid Availability | S1: Losses due to Grid Unavailability | T1: Losses due to Plant Unavailability | U1: Remarks | Z1: MTD
A2: GHCL Phase-1_Musiri | B2: GM | C2: Tamilnadu | D2: {=INDIRECT("'" &Y2 & "'!D2")/1000} -> 10 | E2: {=INDIRECT("'" & Y2 & "'!h2")/1000} -> 7.5 | F2: {=INDIRECT("'"&$Y2&"'!b66:p66")} -> 274104 | G2: 226668 | H2: 222741.2 | I2: 219960 | J2: -0.029593944 | K2: 0.029938333 | L2: 0.039917778 | M2: 33.24 | N2: 31.69 | O2: -0.046630566 | P2: 0.70287536 | Q2: 1 | R2: 0.94651667 | S2: 19727 | T2: 0 | Y2: GHCL-1 | Z2: Vivekanand
A3: GHCL Phase-2_Musiri | B3: GM | C3: Tamilnadu | D3: {=INDIRECT("'" &Y3 & "'!D2")/1000} -> 10 | E3: {=INDIRECT("'" & Y3 & "'!h2")/1000} -> 7.5 | F3: {=INDIRECT("'"&$Y3&"'!b66:p66")} -> 270738 | G3: 226758 | H3: 189020.8 | I3: 186400 | J3: -0.17797829 | K3: 0.025406022 | L3: 0.033874695 | M3: 27.7 | N3: 25.32 | O3: -0.085920578 | P3: 0.74652765 | Q3: 1 | R3: 0.97598333 | S3: 6820 | T3: 0 | Y3: GHCL-2 | Z3: Prince
A4: GHCL Phase-3_Ottapidaram | B4: GM | C4: Tamilnadu | D4: {=INDIRECT("'" &Y4 & "'!D2")/1000} -> 21.2114 | E4: {=INDIRECT("'" & Y4 & "'!h2")/1000} -> 16 | F4: {=INDIRECT("'"&$Y4&"'!b66:p66")} -> 387788 | G4: 383576 | H4: 330477 | I4: 323640 | J4: -0.15625587 | K4: 0.020941075 | L4: 0.027761845 | M4: 22.6 | N4: 19.373 | O4: -0.14278761 | P4: 0.80422029 | Q4: 1 | R4: 1 | S4: 0 | T4: 0 | Y4: Pollax | Z4: Kiran
A5: Thaiagarajar Mills_Ottapidaram | B5: GM | C5: Tamilnadu | D5: {=INDIRECT("'" &Y5 & "'!D2")/1000} -> 9.998 | E5: {=INDIRECT("'" & Y5 & "'!h2")/1000} -> 7.67 | F5: {=INDIRECT("'"&$Y5&"'!b66:p66")} -> 181240 | G5: 150780 | H5: 164361 | I5: 159390 | J5: 0.057103064 | K5: 0.022095951 | L5: 0.028802519 | M5: 22.08 | N5: 20.692 | O5: -0.062862319 | P5: 0.79448037 | Q5: 1 | R5: 1 | S5: 0 | T5: 0 | Y5: GHCL-3 | Z5: Majethiya
A6: Pollax solar solution_Otaapidaram | B6: GM | C6: Tamilnadu | D6: {=INDIRECT("'" &Y6 & "'!D2")/1000} -> 15 | E6: {=INDIRECT("'" & Y6 & "'!h2")/1000} -> 12.095 | F6: {=INDIRECT("'"&$Y6&"'!b66:p66")} -> 263184 | G6: 259044 | H6: 234637 | I6: 231450 | J6: -0.10652244 | K6: 0.021024821 | L6: 0.026074602 | M6: 22.08 | N6: 19.559 | O6: -0.11417572 | P6: 0.799758 | Q6: 1 | R6: 1 | S6: 0 | T6: 0 | Y6: TMILLS | Z6: Centenary
A7: VTM Limited | B7: GM | C7: Tamilnadu | D7: {=INDIRECT("'" &Y7 & "'!D2")/1000} -> 2.205 | E7: {=INDIRECT("'" & Y7 & "'!h2")/1000} -> 1.76 | F7: {=INDIRECT("'"&$Y7&"'!b66:p66")} -> 42180 | G7: 39468 | H7: 35545 | I7: 35088 | J7: -0.11097598 | K7: 0.02166691 | L7: 0.027145192 | M7: 22.76 | N7: 19.745 | O7: -0.13246924 | P7: 0.8164184 | Q7: 1 | R7: 1 | S7: 0 | T7: 0 | Y7: VTM | Z7: Sainest
A8: Jothi Malleable & Microcast_TSU5_Karambakuddi | B8: GM | C8: Tamilnadu | D8: {=INDIRECT("'" &Y8 & "'!D2")/1000} -> 12.0006 | E8: {=INDIRECT("'" & Y8 & "'!h2")/1000} -> 9 | F8: {=INDIRECT("'"&$Y8&"'!b66:p66")} -> 224882.18 | G8: 208456 | H8: 231707.7 | I8: 225180 | J8: 0.080227962 | K8: 0.025951626 | L8: 0.034603898 | M8: 21.32 | N8: 23 | O8: 0.07879925 | P8: 0.83947868 | Q8: 1 | R8: 1 | S8: 0 | T8: 0 | Y8: JOTHI | Z8: Orito
A9: GHCL Limited RT_Manaparai | B9: RT | C9: Tamilnadu | D9: {=INDIRECT("'" &Y9 & "'!D2")/1000} -> 3.891 | E9: {=INDIRECT("'" & Y9 & "'!h2")/1000} -> 3.08 | F9: {=INDIRECT("'"&$Y9&"'!b66:p66")} -> 87075 | G9: 69445 | H9: 80925 | I9: 82332 | J9: 0.18557132 | K9: 0.027954295 | L9: 0.035314987 | M9: 28.7 | N9: 26.364 | O9: -0.081393728 | P9: 0.7888786 | Q9: 1 | R9: 0.9997 | S9: 0 | T9: 0 | Y9: GHCL MANA | Z9: Universal
A10: GHCL Limited RT_Paravai | B10: RT | C10: Tamilnadu | D10: {=INDIRECT("'" &Y10 & "'!D2")/1000} -> 1.297 | E10: {=INDIRECT("'" & Y10 & "'!h2")/1000} -> 1.1 | F10: {=INDIRECT("'"&$Y10&"'!b66:p66")} -> 28375 | G10: 28255 | H10: 20878 | I10: 21100 | J10: -0.25322952 | K10: 0.021635951 | L10: 0.025510753 | M10: 27.725 | N10: 25.088 | O10: -0.095112714 | P10: 0.64162736 | Q10: 1 | R10: 1 | S10: 0 | T10: 0 | Y10: GHCL Para | Z10: Aditya-Arka
A11: GHCL Limited RT_Paravai-2 | B11: RT | C11: Tamilnadu | D11: {=INDIRECT("'" &Y11 & "'!D2")/1000} -> 2.795 | E11: {=INDIRECT("'" & Y11 & "'!h2")/1000} -> 2.2 | F11: {=INDIRECT("'"&$Y11&"'!b66:p66")} -> 64420 | G11: 63710 | H11: 53502 | I11: 53617 | J11: -0.15842097 | K11: 0.025728548 | L11: 0.03268695 | M11: 28.5 | N11: 27.556 | O11: -0.033122807 | P11: 0.69465958 | Q11: 1 | R11: 1 | S11: 0 | T11: 0 | Y11: GHCL Para-2 | Z11: GHCL-1
A12: Suriya Spinning mills_Aviyoor | B12: GM | C12: Tamilnadu | D12: {=INDIRECT("'" &Y12 & "'!D2")/1000} -> 1.479 | E12: {=INDIRECT("'" & Y12 & "'!h2")/1000} -> 1.1 | F12: {=INDIRECT("'"&$Y12&"'!b66:p66")} -> 36822 | G12: 34824 | H12: 42096 | I12: 41628 | J12: 0.19538249 | K12: 0.038256014 | L12: 0.05143695 | M12: 32.16 | N12: 34.492 | O12: 0.072512438 | P12: 0.82519061 | Q12: 1 | R12: 0.99495 | S12: 77.62 | T12: 0 | Y12: SURIYA | Z12: GHCL-2
A13: Pantech Synergy_Aviyoor | B13: GM | C13: Tamilnadu | D13: {=INDIRECT("'" &Y13 & "'!D2")/1000} -> 2.608 | E13: {=INDIRECT("'" & Y13 & "'!h2")/1000} -> 1.9 | F13: {=INDIRECT("'"&$Y13&"'!b66:p66")} -> 71664 | G13: 67224 | H13: 73193 | I13: 72408 | J13: 0.077115316 | K13: 0.037721506 | L13: 0.051777731 | M13: 32.16 | N13: 32.813 | O13: 0.020304726 | P13: 0.85529518 | Q13: 1 | R13: 0.99495 | S13: 136.87 | T13: 0 | Y13: PANTECH | Z13: Pollax
A14: Parvathi Dyeing_Aviyoor | B14: GM | C14: Tamilnadu | D14: {=INDIRECT("'" &Y14 & "'!D2")/1000} -> 1.75 | E14: {=INDIRECT("'" & Y14 & "'!h2")/1000} -> 1.375 | F14: {=INDIRECT("'"&$Y14&"'!b66:p66")} -> 48258 | G14: 45582 | H14: 48741 | I14: 48512 | J14: 0.06427976 | K14: 0.037435484 | L14: 0.047645161 | M14: 32.16 | N14: 32.813 | O14: 0.020304726 | P14: 0.84880992 | Q14: 1 | R14: 0.99495 | S14: 91.84 | T14: 0 | Y14: PARVATHI | Z14: GHCL-3
A15: Bangalore internation airport limited | B15: GM | C15: Karnataka | D15: {=INDIRECT("'" &Y15 & "'!D2")/1000} -> 7.018 | E15: {=INDIRECT("'" & Y15 & "'!h2")/1000} -> 5.72 | F15: {=INDIRECT("'"&$Y15&"'!b66:p66")} -> 158440 | G15: 155140 | H15: 160237 | I15: 140420 | J15: -0.094882042 | K15: 0.03068856 | L15: 0.037652502 | M15: 29.8 | N15: 27.04 | O15: -0.09261745 | P15: 0.84438936 | Q15: 1 | R15: #DIV/0! | S15: 0 | T15: 0 | Y15: BIAL | Z15: TMILLS
A16: Bhargavi Renewables_Tharad | B16: GM | C16: Gujarat | D16: {=INDIRECT("'" &Y16 & "'!D2")/1000} -> 32.065 | E16: {=INDIRECT("'" & Y16 & "'!h2")/1000} -> 24.2 | F16: {=INDIRECT("'"&$Y16&"'!b66:p66")} -> 1133226 | G16: 1077024 | H16: 987153 | I16: 956100 | J16: -0.11227605 | K16: 0.053447912 | L16: 0.070818483 | M16: 42 | N16: 41.34 | O16: -0.015714286 | P16: 0.7447024 | Q16: 0.99718333 | R16: 1 | S16: 107988 | T16: 4039 | Y16: BRPL | Z16: VTM
A17: Pidilite Industries Limited_Pransla | B17: GM | C17: Gujarat | D17: {=INDIRECT("'" &Y17 & "'!D2")/1000} -> 1.805 | E17: {=INDIRECT("'" & Y17 & "'!h2")/1000} -> 1.582 | F17: {=INDIRECT("'"&$Y17&"'!b66:p66")} -> 62916 | G17: 60264 | H17: 76419 | I17: 76419 | J17: 0.26807049 | K17: 0.056905102 | L17: 0.064926492 | M17: 51.12 | N17: 50.017 | O17: -0.021576682 | P17: 0.84646013 | Q17: 1 | R17: 1 | S17: 0 | T17: 0 | Y17: Pidilite | Z17: JOTHI
A18: Greenbloom Energy_Balachadi | B18: GM | C18: Gujarat | D18: {=INDIRECT("'" &Y18 & "'!D2")/1000} -> 4.4 | E18: {=INDIRECT("'" & Y18 & "'!h2")/1000} -> 3.96 | F18: {=INDIRECT("'"&$Y18&"'!b66:p66")} -> 122870 | G18: 105980 | H18: 128258 | I18: 126000 | J18: 0.18890357 | K18: 0.039179497 | L18: 0.043532774 | M18: 35.4 | N18: 35.838 | O18: 0.012372881 | P18: 0.81336976 | Q18: 1 | R18: 0.998 | S18: 179 | T18: 0 | Y18: Greenbloom | Z18: SURIYA
A19: Isha Snacks_Varahi | B19: GM | C19: Gujarat | D19: {=INDIRECT("'" &Y19 & "'!D2")/1000} -> 1.124 | E19: {=INDIRECT("'" & Y19 & "'!h2")/1000} -> 0.88 | F19: {=INDIRECT("'"&$Y19&"'!b66:p66")} -> 18276 | G19: 15852 | H19: 0 | I19: 0 | J19: -1 | K19: 0 | L19: 0 | M19: 20.76 | N19: 0 | O19: -1 | P19: #DIV/0! | Q19: #DIV/0! | R19: #DIV/0! | S19: 0 | T19: 0 | Y19: Isha | Z19: PANTECH
A20: Enviro Vimalachal_Varahi | B20: GM | C20: Gujarat | D20: {=INDIRECT("'" &Y20 & "'!D2")/1000} -> 1.817 | E20: {=INDIRECT("'" & Y20 & "'!h2")/1000} -> 1.54 | F20: {=INDIRECT("'"&$Y20&"'!b66:p66")} -> 30258 | G20: 26274 | H20: 0 | I20: 0 | J20: -1 | K20: 0 | L20: 0 | M20: 21.39 | N20: 0 | O20: -1 | P20: #DIV/0! | Q20: #DIV/0! | R20: #DIV/0! | S20: 0 | T20: 0 | Y20: Enviro | Z20: PARVATHI
A21: Vimalachal Print & Packs_Varahi | B21: GM | C21: Gujarat | D21: {=INDIRECT("'" &Y21 & "'!D2")/1000} -> 2.525 | E21: {=INDIRECT("'" & Y21 & "'!h2")/1000} -> 1.98 | F21: {=INDIRECT("'"&$Y21&"'!b66:p66")} -> 44952 | G21: 39252 | H21: 0 | I21: 0 | J21: -1 | K21: 0 | L21: 0 | M21: 20.76 | N21: 0 | O21: -1 | P21: #DIV/0! | Q21: #DIV/0! | R21: #DIV/0! | S21: 0 | T21: 0 | Y21: Vimalachal | Z21: GHCL MANA
A22: GSECL_Vasundhara | B22: GM | C22: Gujarat | D22: {=INDIRECT("'" &Y22 & "'!D2")/1000} -> 18.09 | E22: {=INDIRECT("'" & Y22 & "'!h2")/1000} -> 14 | F22: =Vasundhara!B66 -> 0 | G22: =Vasundhara!C66 -> 0 | H22: =Vasundhara!D66 -> 0 | I22: =Vasundhara!E66 -> 0 | J22: =Vasundhara!F66 -> #DIV/0! | K22: =Vasundhara!G66 -> 0 | L22: =Vasundhara!H66 -> 0 | M22: =Vasundhara!I66 -> 0 | ... T22: =Vasundhara!P66 -> 0 | U22: =Vasundhara!Q34 | Y22: Vasundhara | Z22: GHCL Para
A23: Pudumjee | B23: GM | C23: Maharashtra | D23: {=INDIRECT("'" &Y23 & "'!D2")/1000} -> 21.5 | E23: {=INDIRECT("'" & Y23 & "'!h2")/1000} -> 15.4 | F23: =Pudumjee!P66 -> 0 | G23: =Pudumjee!Q66 -> 0 | H23: =Pudumjee!R66 -> 0 | I23: =Pudumjee!S66 -> 0 | J23: =Pudumjee!T66 -> 0 | K23: =Pudumjee!U66 -> 0 | L23: =Pudumjee!V66 -> 0 | M23: =Pudumjee!W66 -> 0 | ... T23: =Pudumjee!AD66 -> 0 | U23: =Pudumjee!Q34 | Y23: Pudumjee | Z23: GHCL Para-2
A24: Venus Denim-01 | B24: GM | C24: Gujarat | D24: {=INDIRECT("'" &Y24 & "'!D2")/1000} -> 3.3292 | E24: {=INDIRECT("'" & Y24 & "'!h2")/1000} -> 2.42 | F24: {=INDIRECT("'"&$Y24&"'!b66:p66")} -> 0 | G24: 0 | H24: 0 | I24: 0 | J24: #DIV/0! | K24: 0 | L24: 0 | M24: 0 | N24: 0 | O24: #DIV/0! | P24: #DIV/0! | Q24: #DIV/0! | R24: #DIV/0! | S24: 0 | T24: 0 | Y24: Venus Denim-01 | Z24: BIAL
A25: Venus Denim-02 | B25: GM | C25: Gujarat | D25: {=INDIRECT("'" &Y25 & "'!D2")/1000} -> 1.8007 | E25: {=INDIRECT("'" & Y25 & "'!h2")/1000} -> 1.54 | F25: {=INDIRECT("'"&$Y25&"'!b66:p66")} -> 0 | G25: 0 | H25: 0 | I25: 0 | J25: #DIV/0! | K25: 0 | L25: 0 | M25: 0 | N25: 0 | O25: #DIV/0! | P25: #DIV/0! | Q25: #DIV/0! | R25: #DIV/0! | S25: 0 | T25: 0 | Y25: Venus Denim-02 | Z25: BRPL
A26: Vishal Spintex | B26: GM | C26: Gujarat | D26: {=INDIRECT("'" &Y26 & "'!D2")/1000} -> 5.14808 | E26: {=INDIRECT("'" & Y26 & "'!h2")/1000} -> 3.96 | F26: {=INDIRECT("'"&$Y26&"'!b66:p66")} -> 0 | G26: 0 | H26: 0 | I26: 0 | J26: #DIV/0! | K26: 0 | L26: 0 | M26: 0 | N26: 0 | O26: #DIV/0! | P26: #DIV/0! | Q26: #DIV/0! | R26: #DIV/0! | S26: 0 | T26: 0 | Y26: Vishal Spintex | Z26: Pidilite
A27: Madura Textiles | B27: GM | C27: Gujarat | D27: {=INDIRECT("'" &Y27 & "'!D2")/1000} -> 65 | E27: {=INDIRECT("'" & Y27 & "'!h2")/1000} -> 50 | F27: {=INDIRECT("'"&$Y27&"'!b66:p66")} -> 0 | G27: 0 | H27: 0 | I27: 0 | J27: #DIV/0! | K27: 0 | L27: 0 | M27: 0 | N27: 0 | O27: #DIV/0! | P27: #DIV/0! | Q27: #DIV/0! | R27: #DIV/0! | S27: 0 | T27: 0 | Y27: Madura textiles | Z27: Greenbloom
A28: Alkyl Amines | B28: GM | C28: Maharashtra | D28: {=INDIRECT("'" &Y28 & "'!D2")/1000} -> 3.75 | E28: {=INDIRECT("'" & Y28 & "'!h2")/1000} -> 3 | F28: {=INDIRECT("'"&$Y28&"'!b66:p66")} -> 0 | G28: 0 | H28: 0 | I28: 0 | J28: #DIV/0! | K28: 0 | L28: 0 | M28: 0 | N28: 0 | O28: #DIV/0! | P28: #DIV/0! | Q28: #DIV/0! | R28: #DIV/0! | S28: 0 | T28: 0 | Y28: Alkyl Amines | Z28: Isha
A29: Pro-zeal green power five_Greenpro_KA | B29: GM | C29: Karnataka | D29: {=INDIRECT("'" &Y29 & "'!D2")/1000} -> 3.9284 | E29: {=INDIRECT("'" & Y29 & "'!h2")/1000} -> 2.86 | F29: {=INDIRECT("'"&$Y29&"'!b66:p66")} -> 56991 | G29: 50991 | H29: 0 | I29: 0 | J29: -1 | K29: 0 | L29: 0 | M29: 16.65 | N29: 0 | O29: -1 | P29: #DIV/0! | Q29: #DIV/0! | R29: #DIV/0! | S29: 0 | T29: 0 | Y29: PGP5 | Z29: Enviro
A30: Rishi FIBC_Bommalapura | B30: GM | C30: Karnataka | D30: {=INDIRECT("'" &Y30 & "'!D2")/1000} -> 3.717 | E30: {=INDIRECT("'" & Y30 & "'!h2")/1000} -> 3.3 | F30: {=INDIRECT("'"&$Y30&"'!b66:p66")} -> 57777 | G30: 52128 | H30: 0 | I30: 0 | J30: -1 | K30: 0 | L30: 0 | M30: 16.65 | N30: 0 | O30: -1 | P30: #DIV/0! | Q30: #DIV/0! | R30: #DIV/0! | S30: 0 | T30: 0 | Y30: Rishi Bommalapura | Z30: Vimalachal
A31: Rishi FIBC_Tearakanambi | B31: GM | C31: Karnataka | D31: {=INDIRECT("'" &Y31 & "'!D2")/1000} -> 4 | E31: {=INDIRECT("'" & Y31 & "'!h2")/1000} -> 3.2 | F31: {=INDIRECT("'"&$Y31&"'!b66:p66")} -> 54429 | G31: 52077 | H31: 0 | I31: 0 | J31: -1 | K31: 0 | L31: 0 | M31: 16.92 | N31: 0 | O31: -1 | P31: #DIV/0! | Q31: #DIV/0! | R31: #DIV/0! | S31: 0 | T31: 0 | Y31: RISHI Terakanambi | Z31: Vasundhara
A32: Automotive axels GO-1_TSU3_KA | B32: GM | C32: Karnataka | D32: {=INDIRECT("'" &Y32 & "'!D2")/1000} -> 6 | E32: {=INDIRECT("'" & Y32 & "'!h2")/1000} -> 4.9 | F32: {=INDIRECT("'"&$Y32&"'!b66:p66")} -> 81768 | G32: 78927 | H32: 0 | I32: 0 | J32: -1 | K32: 0 | L32: 0 | M32: 16.95 | N32: 0 | O32: -1 | P32: #DIV/0! | Q32: #DIV/0! | R32: #DIV/0! | S32: 0 | T32: 0 | Y32: AAL GO-1 | Z32: Pudumjee
A33: Automotive axels GO-2_TSU3_KA | B33: GM | C33: Karnataka | D33: {=INDIRECT("'" &Y33 & "'!D2")/1000} -> 6 | E33: {=INDIRECT("'" & Y33 & "'!h2")/1000} -> 4.5 | F33: {=INDIRECT("'"&$Y33&"'!b66:p66")} -> 82179 | G33: 79059 | H33: 0 | I33: 0 | J33: -1 | K33: 0 | L33: 0 | M33: 16.95 | N33: 0 | O33: -1 | P33: #DIV/0! | Q33: #DIV/0! | R33: #DIV/0! | S33: 0 | T33: 0 | Y33: AAL GO-2 | Z33: Venus Denim-01
A34: ACG_Tuljapur | B34: GM | C34: Maharashtra | D34: {=INDIRECT("'" &Y34 & "'!D2")/1000} -> 12.3 | E34: {=INDIRECT("'" & Y34 & "'!h2")/1000} -> 10.12 | F34: {=INDIRECT("'"&$Y34&"'!b66:p66")} -> 0 | G34: 0 | H34: 0 | I34: 0 | J34: #DIV/0! | K34: 0 | L34: 0 | M34: 0 | N34: 0 | O34: #DIV/0! | P34: #DIV/0! | Q34: #DIV/0! | R34: #DIV/0! | S34: 0 | T34: 0 | Y34: ACG_Tuljapur | Z34: Venus Denim-02
A35: Aarti_Akola | B35: GM | C35: Maharashtra | D35: {=INDIRECT("'" &Y35 & "'!D2")/1000} -> 20.998 | E35: {=INDIRECT("'" & Y35 & "'!h2")/1000} -> 14.85 | F35: {=INDIRECT("'"&$Y35&"'!b66:p66")} -> 0 | G35: 0 | H35: 0 | I35: 0 | J35: #DIV/0! | K35: 0 | L35: 0 | M35: 0 | N35: 0 | O35: #DIV/0! | P35: #DIV/0! | Q35: #DIV/0! | R35: #DIV/0! | S35: 0 | T35: 0 | Y35: Aarti_Akola | Z35: Vishal Spintex
A36: ACG_PZ4 | B36: GM | C36: Maharashtra | D36: {=INDIRECT("'" &Y36 & "'!D2")/1000} -> 8.39 | E36: {=INDIRECT("'" & Y36 & "'!h2")/1000} -> 6 | F36: {=INDIRECT("'"&$Y36&"'!b66:p66")} -> 0 | G36: 0 | H36: 0 | I36: 0 | J36: #DIV/0! | K36: 0 | L36: 0 | M36: 0 | N36: 0 | O36: #DIV/0! | P36: #DIV/0! | Q36: #DIV/0! | R36: #DIV/0! | S36: 0 | T36: 0 | Y36: ACG_PZ4 | Z36: Madura textiles
A37: ACG_PAM | B37: GM | C37: Maharashtra | D37: {=INDIRECT("'" &Y37 & "'!D2")/1000} -> 1.9 | E37: {=INDIRECT("'" & Y37 & "'!h2")/1000} -> 1.54 | F37: {=INDIRECT("'"&$Y37&"'!b66:p66")} -> 0 | G37: 0 | H37: 0 | I37: 0 | J37: #DIV/0! | K37: 0 | L37: 0 | M37: 0 | N37: 0 | O37: #DIV/0! | P37: #DIV/0! | Q37: #DIV/0! | R37: #DIV/0! | S37: 0 | T37: 0 | Y37: ACG_PAM | Z37: Alkyl Amines
A38: ACG_PGP3 | B38: GM | C38: Maharashtra | D38: {=INDIRECT("'" &Y38 & "'!D2")/1000} -> 6 | E38: {=INDIRECT("'" & Y38 & "'!h2")/1000} -> 3.9 | F38: {=INDIRECT("'"&$Y38&"'!b66:p66")} -> 0 | G38: 0 | H38: 0 | I38: 0 | J38: #DIV/0! | K38: 0 | L38: 0 | M38: 0 | N38: 0 | O38: #DIV/0! | P38: #DIV/0! | Q38: #DIV/0! | R38: #DIV/0! | S38: 0 | T38: 0 | Y38: ACG_PGP3 | Z38: PGP5
A39: Asahi Songwon_ Balasinor | B39: GM | C39: Gujarat | D39: {=INDIRECT("'" &Y39 & "'!D2")/1000} -> 4.9 | E39: {=INDIRECT("'" & Y39 & "'!h2")/1000} -> 3.96 | F39: {=INDIRECT("'"&$Y39&"'!b66:p66")} -> 823995.5 | G39: 783578.01 | H39: 110521 | I39: 107900 | J39: -0.86229833 | K39: 0.030316272 | L39: 0.037512558 | M39: 215.6019 | N39: 32.94 | O39: -0.84721842 | P39: 0.68473911 | Q39: 1 | R39: 1 | S39: 14611 | T39: 0 | Y39: Asahi Songwon_ Balasinor | Z39: Rishi Bommalapura
A40: August Energy_Akola | B40: GM | C40: Maharashtra | D40: {=INDIRECT("'" &Y40 & "'!D2")/1000} -> 5.9 | E40: {=INDIRECT("'" & Y40 & "'!h2")/1000} -> 3.96 | F40: {=INDIRECT("'"&$Y40&"'!b66:p66")} -> 0 | G40: 0 | H40: 0 | I40: 0 | J40: #DIV/0! | K40: 0 | L40: 0 | M40: 0 | N40: 0 | O40: #DIV/0! | P40: #DIV/0! | Q40: #DIV/0! | R40: #DIV/0! | S40: 0 | T40: 0 | Y40: August Energy_Akola | Z40: RISHI Terakanambi
A41: Benzo_Chem | B41: GM | C41: Maharashtra | D41: {=INDIRECT("'" &Y41 & "'!D2")/1000} -> 3.7 | E41: {=INDIRECT("'" & Y41 & "'!h2")/1000} -> 2.94 | F41: {=INDIRECT("'"&$Y41&"'!b66:p66")} -> 0 | G41: 0 | H41: 0 | I41: 0 | J41: #DIV/0! | K41: 0 | L41: 0 | M41: 0 | N41: 0 | O41: #DIV/0! | P41: #DIV/0! | Q41: #DIV/0! | R41: #DIV/0! | S41: 0 | T41: 0 | Y41: Benzo_Chem | Z41: AAL GO-1
A42: Blue Jet | B42: GM | C42: Maharashtra | D42: {=INDIRECT("'" &Y42 & "'!D2")/1000} -> 7 | E42: {=INDIRECT("'" & Y42 & "'!h2")/1000} -> 5.5 | F42: {=INDIRECT("'"&$Y42&"'!b66:p66")} -> 0 | G42: 0 | H42: 0 | I42: 0 | J42: #DIV/0! | K42: 0 | L42: 0 | M42: 0 | N42: 0 | O42: #DIV/0! | P42: #DIV/0! | Q42: #DIV/0! | R42: #DIV/0! | S42: 0 | T42: 0 | Y42: Blue Jet | Z42: AAL GO-2
A43: EESL Narayan Doho | B43: GM | C43: Maharashtra | D43: {=INDIRECT("'" &Y43 & "'!D2")/1000} -> 3.317 | E43: {=INDIRECT("'" & Y43 & "'!h2")/1000} -> 2.86 | F43: {=INDIRECT("'"&$Y43&"'!b66:p66")} -> 0 | G43: 0 | H43: 0 | I43: 0 | J43: #DIV/0! | K43: 0 | L43: 0 | M43: 0 | N43: 0 | O43: #DIV/0! | P43: #DIV/0! | Q43: #DIV/0! | R43: #DIV/0! | S43: 0 | T43: 0 | Y43: EESL Narayan Doho | Z43: Ajay cotspin
A44: EESL Limbala Dau | B44: GM | C44: Maharashtra | D44: {=INDIRECT("'" &Y44 & "'!D2")/1000} -> 2.831 | E44: {=INDIRECT("'" & Y44 & "'!h2")/1000} -> 2.42 | F44: {=INDIRECT("'"&$Y44&"'!b66:p66")} -> 407371 | G44: 404953 | H44: 78725 | I44: 77160 | J44: -0.80945937 | K44: 0.037376606 | L44: 0.043724451 | M44: 186.6 | N44: 34.582 | O44: -0.8146731 | P44: 0.80412339 | Q44: 1 | R44: 0.98333333 | S44: 494 | T44: 0 | Y44: EESL Limbala Dau | Z44: Unitech cotspin
A45: EESL Potra | B45: GM | C45: Maharashtra | D45: {=INDIRECT("'" &Y45 & "'!D2")/1000} -> 3.125 | E45: {=INDIRECT("'" & Y45 & "'!h2")/1000} -> 2.6 | F45: {=INDIRECT("'"&$Y45&"'!b66:p66")} -> 0 | G45: 0 | H45: 0 | I45: 0 | J45: #DIV/0! | K45: 0 | L45: 0 | M45: 0 | N45: 0 | O45: #DIV/0! | P45: #DIV/0! | Q45: #DIV/0! | R45: #DIV/0! | S45: 0 | T45: 0 | Y45: EESL Potra | Z45: Lincoln Pharma
A46: IGCL, Bharuch | B46: GM | C46: Gujarat | D46: {=INDIRECT("'" &Y46 & "'!D2")/1000} -> 3 | E46: {=INDIRECT("'" & Y46 & "'!h2")/1000} -> 2.4 | F46: {=INDIRECT("'"&$Y46&"'!b66:p66")} -> 47130 | G46: 45879 | H46: 48759 | I46: 48180 | J46: 0.050153665 | K46: 0.02184543 | L46: 0.027306788 | M46: 19.83 | N46: 19.836 | O46: 0.00030257186 | P46: 0.81936882 | Q46: 1 | R46: 1 | S46: 0 | T46: 0 | Y46: IGCL, Bharuch | Z46: Kamdhenu Yarn
A47: Narayan Spinning - 1 | B47: GM | C47: Gujarat | D47: {=INDIRECT("'" &Y47 & "'!D2")/1000} -> 1.71542 | E47: {=INDIRECT("'" & Y47 & "'!h2")/1000} -> 1.4 | F47: {=INDIRECT("'"&$Y47&"'!b66:p66")} -> 0 | G47: 0 | H47: 0 | I47: 0 | J47: #DIV/0! | K47: 0 | L47: 0 | M47: 0 | N47: 0 | O47: #DIV/0! | P47: #DIV/0! | Q47: #DIV/0! | R47: #DIV/0! | S47: 0 | T47: 0 | Y47: Narayan Spinning - 1 | Z47: Kikani Exports
A48: Narayan Spinning - 2 | B48: GM | C48: Gujarat | D48: {=INDIRECT("'" &Y48 & "'!D2")/1000} -> 2.485 | E48: {=INDIRECT("'" & Y48 & "'!h2")/1000} -> 2 | F48: {=INDIRECT("'"&$Y48&"'!b66:p66")} -> 0 | G48: 0 | H48: 0 | I48: 0 | J48: #DIV/0! | K48: 0 | L48: 0 | M48: 0 | N48: 0 | O48: #DIV/0! | P48: #DIV/0! | Q48: #DIV/0! | R48: #DIV/0! | S48: 0 | T48: 0 | Y48: Narayan Spinning - 2 | Z48: Linde Engineering
A49: Rishi FIBC, Balasinor | B49: GM | C49: Gujarat | D49: {=INDIRECT("'" &Y49 & "'!D2")/1000} -> 3 | E49: {=INDIRECT("'" & Y49 & "'!h2")/1000} -> 2.42 | F49: {=INDIRECT("'"&$Y49&"'!b66:p66")} -> 475292 | G49: 457994 | H49: 71703 | I49: 69960 | J49: -0.84724691 | K49: 0.032125 | L49: 0.03982438 | M49: 206.491 | N49: 32 | O49: -0.84502957 | P49: 0.74690625 | Q49: 1 | R49: 1 | S49: 8505 | T49: 0 | Y49: Rishi FIBC, Balasinor | Z49: Alembic Pharma Phase 1
A50: Saanika Industries, Bharuch | B50: GM | C50: Gujarat | D50: {=INDIRECT("'" &Y50 & "'!D2")/1000} -> 4.8 | E50: {=INDIRECT("'" & Y50 & "'!h2")/1000} -> 3.6 | F50: {=INDIRECT("'"&$Y50&"'!b66:p66")} -> 79377 | G50: 65406 | H50: 78386 | I50: 77250 | J50: 0.1810843 | K50: 0.021949485 | L50: 0.02926598 | M50: 20.64 | N50: 19.35 | O50: -0.0625 | P50: 0.84394918 | Q50: 1 | R50: 1 | S50: 0 | T50: 0 | Y50: Saanika Industries, Bharuch | Z50: Alembic Pharma Phase 2
A51: SS Flour Mills, Akola | B51: GM | C51: Maharashtra | D51: {=INDIRECT("'" &Y51 & "'!D2")/1000} -> 1.7 | E51: {=INDIRECT("'" & Y51 & "'!h2")/1000} -> 1.28 | F51: {=INDIRECT("'"&$Y51&"'!b66:p66")} -> 0 | G51: 0 | H51: 0 | I51: 0 | J51: #DIV/0! | K51: 0 | L51: 0 | M51: 0 | N51: 0 | O51: #DIV/0! | P51: #DIV/0! | Q51: #DIV/0! | R51: #DIV/0! | S51: 0 | T51: 0 | Y51: SS Flour Mills, Akola | Z51: Mark Alloys
A52: Sumati Spintex | B52: GM | C52: Gujarat | D52: {=INDIRECT("'" &Y52 & "'!D2")/1000} -> 4.6 | E52: {=INDIRECT("'" & Y52 & "'!h2")/1000} -> 3.96 | F52: {=INDIRECT("'"&$Y52&"'!b66:p66")} -> 976252 | G52: 971540 | H52: 144897 | I52: 142350 | J52: -0.85348004 | K52: 0.042337833 | L52: 0.049180311 | M52: 251.72 | N52: 39.573 | O52: -0.84278961 | P52: 0.79598079 | Q52: 0.98518 | R52: 0.84198 | S52: 26435 | T52: 1424 | Y52: Sumati Spintex | Z52: Ujjaval Alloys
A53: Tulsi Industries | B53: GM | C53: Gujarat | D53: {=INDIRECT("'" &Y53 & "'!D2")/1000} -> 3.8 | E53: {=INDIRECT("'" & Y53 & "'!h2")/1000} -> 2.86 | F53: {=INDIRECT("'"&$Y53&"'!b66:p66")} -> 590121 | G53: 736580 | H53: 105520 | I53: 201960 | J53: -0.7258139 | K53: 0.037323147 | L53: 0.049590195 | M53: 223 | N53: 33.048 | O53: -0.85180269 | P53: 0.84024513 | Q53: 0.996 | R53: 0.87068 | S53: 20241 | T53: 1062 | Y53: Tulsi Industries | Z53: Diamond stones
A54: Tulsi Udyog | B54: GM | C54: Gujarat | D54: {=INDIRECT("'" &Y54 & "'!D2")/1000} -> 2.1 | E54: {=INDIRECT("'" & Y54 & "'!h2")/1000} -> 1.76 | F54: {=INDIRECT("'"&$Y54&"'!b66:p66")} -> 509144 | G54: 409523 | H54: 69900 | I54: 68060 | J54: -0.83380665 | K54: 0.044738863 | L54: 0.053381598 | M54: 223 | N54: 39.321 | O54: -0.82367265 | P54: 0.84651241 | Q54: 1 | R54: 0.992 | S54: 519 | T54: 0 | Y54: Tulsi Udyog | Z54: Airona Tiles
A55: Val Organics | B55: GM | C55: Gujarat | D55: {=INDIRECT("'" &Y55 & "'!D2")/1000} -> 2.05284 | E55: {=INDIRECT("'" & Y55 & "'!h2")/1000} -> 1.6 | F55: {=INDIRECT("'"&$Y55&"'!b66:p66")} -> 33663 | G55: 29535 | H55: 34203 | I55: 33640 | J55: 0.13898764 | K55: 0.022394232 | L55: 0.028732359 | M55: 19.98 | N55: 19.427 | O55: -0.027677678 | P55: 0.8576367 | Q55: 1 | R55: 1 | S55: 0 | T55: 0 | Y55: Val Organics | Z55: Airolam Ltd.
A56: ZEIT - 1, Akola | B56: GM | C56: Maharashtra | D56: {=INDIRECT("'" &Y56 & "'!D2")/1000} -> 8.75 | E56: {=INDIRECT("'" & Y56 & "'!h2")/1000} -> 6.325 | F56: {=INDIRECT("'"&$Y56&"'!b66:p66")} -> 0 | G56: 0 | H56: 0 | I56: 0 | J56: #DIV/0! | K56: 0 | L56: 0 | M56: 0 | N56: 0 | O56: #DIV/0! | P56: #DIV/0! | Q56: #DIV/0! | R56: #DIV/0! | S56: 0 | T56: 0 | Y56: ZEIT - 1, Akola | Z56: Advatech Cera
A57: ZEIT - 2, Akola | B57: GM | C57: Maharashtra | D57: {=INDIRECT("'" &Y57 & "'!D2")/1000} -> 4 | E57: {=INDIRECT("'" & Y57 & "'!h2")/1000} -> 3.025 | F57: {=INDIRECT("'"&$Y57&"'!b66:p66")} -> 0 | G57: 0 | H57: 0 | I57: 0 | J57: #DIV/0! | K57: 0 | L57: 0 | M57: 0 | N57: 0 | O57: #DIV/0! | P57: #DIV/0! | Q57: #DIV/0! | R57: #DIV/0! | S57: 0 | T57: 0 | Y57: ZEIT - 2, Akola | Z57: BPCL
A58: Kiran | B58: GM | C58: Gujarat | D58: {=INDIRECT("'" &A58 & "'!D2")/1000} -> 2.9 | E58: {=INDIRECT("'" & A58 & "'!h2")/1000} -> 2.2 | F58: {=INDIRECT("'"&$Y58&"'!b66:p66")} -> 0 | G58: 0 | H58: 0 | I58: 0 | J58: #DIV/0! | K58: 0 | L58: 0 | M58: 0 | N58: 0 | O58: #DIV/0! | P58: #DIV/0! | Q58: #DIV/0! | R58: #DIV/0! | S58: 0 | T58: 0 | Y58: Kiran | Z58: GSECL_ Vitthalpar
A59: Majethiya | B59: GM | C59: Gujarat | D59: {=INDIRECT("'" &A59 & "'!D2")/1000} -> 1 | E59: {=INDIRECT("'" & A59 & "'!h2")/1000} -> 0.8 | F59: {=INDIRECT("'"&$Y59&"'!b66:p66")} -> 0 | Y59: Majethiya | Z59: GSECL_Jambudiya
A60: Centenary | B60: GM | C60: Gujarat | D60: {=INDIRECT("'" &A60 & "'!D2")/1000} -> 1.343 | E60: {=INDIRECT("'" & A60 & "'!h2")/1000} -> 1.125 | F60: {=INDIRECT("'"&$Y60&"'!b66:p66")} -> 0 | G60: 0 | H60: 0 | I60: 0 | J60: #DIV/0! | K60: 0 | L60: 0 | M60: 0 | N60: 0 | O60: #DIV/0! | P60: #DIV/0! | Q60: #DIV/0! | R60: #DIV/0! | S60: 0 | T60: 0 | Y60: Centenary | Z60: ACG_Tuljapur
A61: Sainest | B61: GM | C61: Gujarat | D61: {=INDIRECT("'" &A61 & "'!D2")/1000} -> 1.5 | E61: {=INDIRECT("'" & A61 & "'!h2")/1000} -> 1.2 | F61: {=INDIRECT("'"&$Y61&"'!b66:p66")} -> 0 | G61: 0 | H61: 0 | I61: 0 | J61: #DIV/0! | K61: 0 | L61: 0 | M61: 0 | N61: 0 | O61: #DIV/0! | P61: #DIV/0! | Q61: #DIV/0! | R61: #DIV/0! | S61: 0 | T61: 0 | Y61: Sainest | Z61: Aarti_Akola
A62: Orito | B62: GM | C62: Gujarat | D62: {=INDIRECT("'" &A62 & "'!D2")/1000} -> 3 | E62: {=INDIRECT("'" & A62 & "'!h2")/1000} -> 2.4 | F62: {=INDIRECT("'"&$Y62&"'!b66:p66")} -> 0 | G62: 0 | H62: 0 | I62: 0 | J62: #DIV/0! | K62: 0 | L62: 0 | M62: 0 | N62: 0 | O62: #DIV/0! | P62: #DIV/0! | Q62: #DIV/0! | R62: #DIV/0! | S62: 0 | T62: 0 | Y62: Orito | Z62: ACG_PZ4
A63: Universal | B63: GM | C63: Gujarat | D63: {=INDIRECT("'" &A63 & "'!D2")/1000} -> 1.5 | E63: {=INDIRECT("'" & A63 & "'!h2")/1000} -> 1.2 | F63: {=INDIRECT("'"&$Y63&"'!b66:p66")} -> 0 | G63: 0 | H63: 0 | I63: 0 | J63: #DIV/0! | K63: 0 | L63: 0 | M63: 0 | N63: 0 | O63: #DIV/0! | P63: #DIV/0! | Q63: #DIV/0! | R63: #DIV/0! | S63: 0 | T63: 0 | Y63: Universal | Z63: ACG_PAM
A64: Aditya-Arka | B64: GM | C64: Gujarat | D64: {=INDIRECT("'" &A64 & "'!D2")/1000} -> 1.788 | E64: {=INDIRECT("'" & A64 & "'!h2")/1000} -> 1.5 | F64: {=INDIRECT("'"&$Y64&"'!b66:p66")} -> 0 | G64: 0 | H64: 0 | I64: 0 | J64: #DIV/0! | K64: 0 | L64: 0 | M64: 0 | N64: 0 | O64: #DIV/0! | P64: #DIV/0! | Q64: #DIV/0! | R64: #DIV/0! | S64: 0 | T64: 0 | Y64: Aditya-Arka | Z64: ACG_PGP3
A65: Ajay cotspin | B65: GM | C65: Gujarat | D65: {=INDIRECT("'" &A65 & "'!D2")/1000} -> 3.998 | E65: {=INDIRECT("'" & A65 & "'!h2")/1000} -> 3.2 | F65: {=INDIRECT("'"&$Y65&"'!b66:p66")} -> 121477.79 | G65: 125810.79 | H65: 92835 | I65: 91920 | J65: -0.26937904 | K65: 0.031210162 | L65: 0.038993196 | M65: 50.75 | N65: 30.928 | O65: -0.39058128 | P65: 0.75078764 | Q65: #DIV/0! | R65: #DIV/0! | S65: 0 | T65: 0 | Y65: Ajay cotspin | Z65: Asahi Songwon_ Balasinor
A66: Unitech cotspin | B66: GM | C66: Gujarat | D66: {=INDIRECT("'" &A66 & "'!D2")/1000} -> 2.005 | E66: {=INDIRECT("'" & A66 & "'!h2")/1000} -> 1.6 | F66: {=INDIRECT("'"&$Y66&"'!b66:p66")} -> 74395.79 | G66: 63105.21 | H66: 41320 | I66: 40840 | J66: -0.35282681 | K66: 0.027699568 | L66: 0.034711022 | M66: 50.68 | N66: 25.557 | O66: -0.49571823 | P66: 0.80637316 | Q66: 1 | R66: 1 | S66: 0 | T66: 0 | Y66: Unitech cotspin | Z66: August Energy_Akola
A67: Lincoln Pharma | B67: GM | C67: Gujarat | D67: {=INDIRECT("'" &A67 & "'!D2")/1000} -> 4.004 | E67: {=INDIRECT("'" & A67 & "'!h2")/1000} -> 3.3 | F67: {=INDIRECT("'"&$Y67&"'!b66:p66")} -> 150163.02 | G67: 139024.55 | H67: 102141 | I67: 100520 | J67: -0.27696223 | K67: 0.034287285 | L67: 0.041601906 | M67: 44.59 | N67: 30.928 | O67: -0.30639157 | P67: 0.82481054 | Q67: 1 | R67: 1 | S67: 0 | T67: 0 | Y67: Lincoln Pharma | Z67: Benzo_Chem
A68: Kamdhenu Yarn | B68: GM | C68: Gujarat | D68: {=INDIRECT("'" &A68 & "'!D2")/1000} -> 2.48 | E68: {=INDIRECT("'" & A68 & "'!h2")/1000} -> 1.9 | F68: {=INDIRECT("'"&$Y68&"'!b66:p66")} -> 97638.8 | G68: 78403.85 | H68: 65376 | I68: 64440 | J68: -0.17810159 | K68: 0.035431842 | L68: 0.046247878 | M68: 48.93 | N68: 32.335 | O68: -0.33915798 | P68: 0.81525562 | Q68: 1 | R68: 1 | S68: 0 | T68: 0 | Y68: Kamdhenu Yarn | Z68: Blue Jet
A69: Kikani Exports | B69: GM | C69: Gujarat | D69: {=INDIRECT("'" &A69 & "'!D2")/1000} -> 8.996 | E69: {=INDIRECT("'" & A69 & "'!h2")/1000} -> 7.67 | F69: {=INDIRECT("'"&$Y69&"'!b66:p66")} -> 325211.58 | G69: 308606.19 | H69: 209584 | I69: 205891 | J69: -0.3328358 | K69: 0.031313798 | L69: 0.03672737 | M69: 45.92 | N69: 34.94 | O69: -0.2391115 | P69: 0.66678493 | Q69: 1 | R69: 0.87564 | S69: 38678 | T69: 0 | Y69: Kikani Exports | Z69: EESL Narayan Doho
A70: Linde Engineering | B70: GM | C70: Gujarat | D70: {=INDIRECT("'" &A70 & "'!D2")/1000} -> 1.495 | E70: {=INDIRECT("'" & A70 & "'!h2")/1000} -> 1.2 | F70: {=INDIRECT("'"&$Y70&"'!b66:p66")} -> 49710 | G70: 49170 | H70: 38816 | I70: 38580 | J70: -0.21537523 | K70: 0.034897688 | L70: 0.043476703 | M70: 40.08 | N70: 31.18 | O70: -0.22205589 | P70: 0.83270942 | Q70: 0.978 | R70: 1 | S70: 0 | T70: 708 | Y70: Linde Engineering | Z70: EESL Limbala Dau
A71: Alembic Pharma Phase 1 | B71: GM | C71: Gujarat | D71: {=INDIRECT("'" &A71 & "'!D2")/1000} -> 11.994 | E71: {=INDIRECT("'" & A71 & "'!h2")/1000} -> 9.6 | F71: {=INDIRECT("'"&$Y71&"'!b66:p66")} -> 0 | G71: 0 | H71: 0 | I71: 0 | J71: #DIV/0! | K71: 0 | L71: 0 | M71: 0 | N71: 0 | O71: #DIV/0! | P71: #DIV/0! | Q71: #DIV/0! | R71: #DIV/0! | S71: 0 | T71: 0 | Y71: Alembic Pharma Phase 1 | Z71: EESL Potra
A72: Alembic Pharma Phase 2 | B72: GM | C72: Gujarat | D72: {=INDIRECT("'" &A72 & "'!D2")/1000} -> 12.01 | E72: {=INDIRECT("'" & A72 & "'!h2")/1000} -> 9.68 | F72: {=INDIRECT("'"&$Y72&"'!b66:p66")} -> 0 | G72: 0 | H72: 0 | I72: 0 | J72: #DIV/0! | K72: 0 | L72: 0 | M72: 0 | N72: 0 | O72: #DIV/0! | P72: #DIV/0! | Q72: #DIV/0! | R72: #DIV/0! | S72: 0 | T72: 0 | Y72: Alembic Pharma Phase 2 | Z72: IGCL, Bharuch
A73: Mark Alloys | B73: GM | C73: Gujarat | D73: {=INDIRECT("'" &A73 & "'!D2")/1000} -> 3.085 | E73: {=INDIRECT("'" & A73 & "'!h2")/1000} -> 2.64 | F73: {=INDIRECT("'"&$Y73&"'!b66:p66")} -> 106850 | G73: 95610 | H73: 98538 | I73: 96600 | J73: 0.010354565 | K73: 0.042931458 | L73: 0.050168011 | M73: 44.695 | N73: 40.582 | O73: -0.092023716 | P73: 0.78707321 | Q73: 1 | R73: 0.98216 | S73: 2598 | T73: 0 | Y73: Mark Alloys | Z73: Narayan Spinning - 1
A74: Ujjaval Alloys | B74: GM | C74: Gujarat | D74: {=INDIRECT("'" &A74 & "'!D2")/1000} -> 4.805 | E74: {=INDIRECT("'" & A74 & "'!h2")/1000} -> 3.96 | F74: {=INDIRECT("'"&$Y74&"'!b66:p66")} -> 172450 | G74: 148085 | H74: 154522 | I74: 151100 | J74: 0.020359928 | K74: 0.043223904 | L74: 0.052447187 | M74: 44.695 | N74: 41.029 | O74: -0.082022598 | P74: 0.78380133 | Q74: 0.9914 | R74: 0.9851 | S74: 3434 | T74: 1302 | Y74: Ujjaval Alloys | Z74: Narayan Spinning - 2
A75: Diamond stones | B75: GM | C75: Gujarat | D75: {=INDIRECT("'" &A75 & "'!D2")/1000} -> 1.353 | E75: {=INDIRECT("'" & A75 & "'!h2")/1000} -> 1.1 | F75: {=INDIRECT("'"&$Y75&"'!b66:p66")} -> 48590 | G75: 41915 | H75: 43344 | I75: 42795 | J75: 0.020994871 | K75: 0.043058436 | L75: 0.052961877 | M75: 44.695 | N75: 40.323 | O75: -0.097818548 | P75: 0.79447156 | Q75: 1 | R75: 0.97896 | S75: 1409 | T75: 0 | Y75: Diamond stones | Z75: Rishi FIBC, Balasinor
A76: Airona Tiles | B76: GM | C76: Gujarat | D76: {=INDIRECT("'" &A76 & "'!D2")/1000} -> 5.0512 | E76: {=INDIRECT("'" & A76 & "'!h2")/1000} -> 3.96 | F76: {=INDIRECT("'"&$Y76&"'!b66:p66")} -> 838581 | G76: 714302 | H76: 104678 | I76: 103100 | J76: -0.85566329 | K76: 0.027854022 | L76: 0.035529353 | M76: 216.07 | N76: 26.9 | O76: -0.87550331 | P76: 0.77038634 | Q76: 1 | R76: 0.9817 | S76: 3098 | T76: 0 | Y76: Airona Tiles | Z76: Saanika Industries, Bharuch
A77: Airolam Ltd. | B77: GM | C77: Gujarat | D77: {=INDIRECT("'" &A77 & "'!D2")/1000} -> 2.5256 | E77: {=INDIRECT("'" & A77 & "'!h2")/1000} -> 1.76 | F77: {=INDIRECT("'"&$Y77&"'!b66:p66")} -> 420825 | G77: 357616 | H77: 51359 | I77: 50740 | J77: -0.85811597 | K77: #VALUE! | L77: #VALUE! | M77: 216.07 | N77: 26.42 | O77: -0.87772481 | P77: 0.76969591 | Q77: 1 | R77: 0.98085 | S77: 1565 | T77: 0 | Y77: Airolam Ltd. | Z77: SS Flour Mills, Akola
A78: Advatech Cera | B78: GM | C78: Gujarat | D78: {=INDIRECT("'" &A78 & "'!D2")/1000} -> 3.034 | E78: {=INDIRECT("'" & A78 & "'!h2")/1000} -> 2.2 | F78: {=INDIRECT("'"&$Y78&"'!b66:p66")} -> 521823 | G78: 443734 | H78: 61804 | I78: 60720 | J78: -0.86316126 | K78: 0.027379661 | L78: 0.037759042 | M78: 216.07 | N78: 26.42 | O78: -0.87772481 | P78: 0.77102453 | Q78: 1 | R78: 0.98215 | S78: 1744 | T78: 0 | Y78: Advatech Cera | Z78: Sumati Spintex
A79: BPCL | B79: GM | C79: MP | D79: {=INDIRECT("'" &A79 & "'!D2")/1000} -> 18 | E79: {=INDIRECT("'" & A79 & "'!h2")/1000} -> 14 | F79: {=INDIRECT("'"&$Y79&"'!b66:p66")} -> 2541646 | G79: 2388887.9 | H79: 332425.4 | I79: 327000 | J79: -0.86311622 | K79: 0.024822685 | L79: 0.031914881 | M79: 206.77 | N79: 22.645 | O79: -0.89048218 | P79: 0.8155477 | Q79: 1 | R79: 1 | S79: 0 | T79: 0 | Y79: BPCL | Z79: Tulsi Industries
A80: GSECL_ Vitthalpar | B80: GM | C80: Gujarat | D80: {=INDIRECT("'" &A80 & "'!D2")/1000} -> 19.205 | E80: {=INDIRECT("'" & A80 & "'!h2")/1000} -> 15 | F80: {=INDIRECT("'"&$Y80&"'!b66:p66")} -> 3020578 | G80: 284016 | H80: 311824 | I80: 302850 | J80: 0.066313165 | K80: 0.021823394 | L80: 0.027941219 | M80: 20.01 | N80: 20.35 | O80: 0.016991504 | P80: 0.79786757 | Q80: 1 | R80: 0.91506667 | S80: 57073.8 | T80: 0 | Y80: GSECL_ Vitthalpar | Z80: Tulsi Udyog
A81: GSECL_Jambudiya | B81: GM | C81: Gujarat | D81: {=INDIRECT("'" &A81 & "'!D2")/1000} -> 14.298 | E81: {=INDIRECT("'" & A81 & "'!h2")/1000} -> 11 | F81: {=INDIRECT("'"&$Y81&"'!b66:p66")} -> 2219383 | G81: 200749.65 | H81: 236121.8 | I81: 228510 | J81: 0.13828346 | K81: 0.022196672 | L81: 0.028851637 | M81: 0 | N81: 21.04 | O81: #DIV/0! | P81: 0.78490132 | Q81: 1 | R81: 0.9143 | S81: 38838.18 | T81: 0 | Y81: GSECL_Jambudiya | Z81: Val Organics
A82: Prince | B82: GM | C82: Gujarat | D82: {=INDIRECT("'" &A82 & "'!D2")/1000} -> 4.809 | E82: {=INDIRECT("'" & A82 & "'!h2")/1000} -> 3.85 | F82: {=INDIRECT("'"&$Y82&"'!b66:p66")} -> 0 | G82: 0 | H82: 0 | I82: 0 | J82: #DIV/0! | K82: 0 | L82: 0 | M82: 0 | N82: 0 | O82: #DIV/0! | P82: #DIV/0! | Q82: #DIV/0! | R82: #DIV/0! | S82: 0 | T82: 0 | Y82: Prince | Z82: ZEIT - 1, Akola
A83: Vivekanand | B83: GM | C83: Gujarat | D83: {=INDIRECT("'" &A83 & "'!D2")/1000} -> 4.034 | E83: {=INDIRECT("'" & A83 & "'!h2")/1000} -> 3.15 | F83: {=INDIRECT("'"&$Y83&"'!b66:p66")} -> 0 | G83: 0 | H83: 0 | I83: 0 | J83: #DIV/0! | K83: 0 | L83: 0 | M83: 0 | N83: 0 | O83: #DIV/0! | P83: #DIV/0! | Q83: #DIV/0! | R83: #DIV/0! | S83: 0 | T83: 0 | Y83: Vivekanand | Z83: ZEIT - 2, Akola
A84: Kamal Textiles | B84: GM | C84: Gujarat | D84: {=INDIRECT("'" &Y84 & "'!D2")/1000} -> 1.6 | E84: {=INDIRECT("'" & Y84 & "'!h2")/1000} -> 1.32 | F84: {=INDIRECT("'"&$Y84&"'!b66:p66")} -> 32943 | G84: 30894 | H84: 0 | I84: 0 | J84: -1 | K84: 0 | L84: 0 | M84: 26.55 | N84: 0 | O84: -1 | P84: #DIV/0! | Q84: #DIV/0! | R84: #DIV/0! | S84: 0 | T84: 0 | Y84: Kamal
A85: MBR Flexibles | B85: GM | C85: Gujarat | D85: {=INDIRECT("'" &Y85 & "'!D2")/1000} -> 1.7 | E85: {=INDIRECT("'" & Y85 & "'!h2")/1000} -> 1.32 | F85: {=INDIRECT("'"&$Y85&"'!b66:p66")} -> 34878 | G85: 32790 | H85: 0 | I85: 0 | J85: -1 | K85: 0 | L85: 0 | M85: 26.55 | N85: 0 | O85: -1 | P85: #DIV/0! | Q85: #DIV/0! | R85: #DIV/0! | S85: 0 | T85: 0 | Y85: MBR

Sheet Capcity
A3: Sum of AC Capacity | B3: Sum of DC Capacity MWp
A4: 428.337 | B4: 553.12944

Sheet Dashboard

Sheet Cuf
A3: Count of DC-CUF | B3: Count of AC-CUF
A4: 84 | B4: 84

Sheet April-26
A1: Site Name | B1: Month | C1: Ground Mounted/ Roof top | D1: State | E1: DC Capacity MWp | F1: AC Capacity MW | G1: Expected Generation | H1: Guaranteed Generation (kWh) | I1: Inverter Generation (kWh) | J1: ABT Meter Generation at Plant End (kWh) | K1: Generation difference (%) | L1: DC-CUF | M1: AC-CUF | N1: Pvsyst Irradiation (kWh/m2) | O1: Actual Irradiation (kWh/m2) | P1: Radiation Difference (%) | Q1: PR | R1: Plant Availability | S1: Grid Availability | T1: Losses due to Grid Unavailability | U1: Losses due to Plant Unavailability | V1: Remarks
A2: GHCL Phase-1_Musiri | B2: 46138 | C2: GM | D2: Tamilnadu | E2: 10 | F2: 7.5 | G2: 1441290 | H2: 1191870 | I2: 1300331 | J2: 1280640 | K2: 0.0745 | L2: 0.1806 | M2: 0.2408 | N2: 175 | O2: 189 | P2: 0.078 | Q2: 0.688 | R2: 1 | S2: 0.946 | T2: 114903 | U2: 0
A3: GHCL Phase-2_Musiri | B3: 46138 | C3: GM | D3: Tamilnadu | E3: 10 | F3: 7.5 | G3: 1425870 | H3: 1194240 | I3: 1330504 | J3: 1308400 | K3: 0.0956 | L3: 0.1848 | M3: 0.2464 | N3: 175 | O3: 189 | P3: 0.077 | Q3: 0.705 | R3: 1 | S3: 0.973 | T3: 61636 | U3: 1236
A4: GHCL Phase-3_Ottapidaram | B4: 46138 | C4: GM | D4: Tamilnadu | E4: 21.21 | F4: 16 | G4: 3138450 | H4: 3104370 | I4: 2791856 | J4: 2728080 | K4: -0.1212 | L4: 0.1828 | M4: 0.2179 | N4: 184 | O4: 165 | P4: -0.103 | Q4: 0.799 | R4: 1 | S4: 1 | T4: 0 | U4: 366
A5: Thaiagarajar Mills_Ottapidaram | B5: 46138 | C5: GM | D5: Tamilnadu | E5: 10 | F5: 7.67 | G5: 1463460 | H5: 1219200 | I5: 1342089 | J5: 1299150 | K5: 0.0656 | L5: 0.1864 | M5: 0.2188 | N5: 179 | O5: 177 | P5: -0.014 | Q5: 0.759 | R5: 0.999 | S5: 1 | T5: 0 | U5: 1458
A6: Pollax solar solution_Otaapidaram | B6: 46138 | C6: GM | D6: Tamilnadu | E6: 15 | F6: 12.1 | G6: 2128380 | H6: 2094870 | I6: 1939607 | J6: 1911150 | K6: -0.0877 | L6: 0.1796 | M6: 0.2051 | N6: 179 | O6: 162 | P6: -0.1 | Q6: 0.801 | R6: 1 | S6: 1 | T6: 0 | U6: 0
A7: VTM Limited | B7: 46138 | C7: GM | D7: Tamilnadu | E7: 2.21 | F7: 1.76 | G7: 338670 | H7: 316890 | I7: 286682 | J7: 282552 | K7: -0.1084 | L7: 0.1806 | M7: 0.2076 | N7: 183 | O7: 163 | P7: -0.112 | Q7: 0.799 | R7: 1 | S7: 1 | T7: 0 | U7: 0
A8: Jothi Malleable & Microcast_TSU5_Karambakuddi | B8: 46138 | C8: GM | D8: Tamilnadu | E8: 12 | F8: 9 | G8: 1816044 | H8: 1699496 | I8: 1870026 | J8: 1814400 | K8: 0.0676 | L8: 0.2164 | M8: 0.2565 | N8: 174 | O8: 186 | P8: 0.069 | Q8: 0.836 | R8: 1 | S8: 0.997 | T8: 7796 | U8: 0
A9: GHCL Limited RT_Manaparai | B9: 46138 | C9: RT | D9: Tamilnadu | E9: 3.89 | F9: 3.08 | G9: 550277 | H9: 541160 | I9: 520564 | J9: 493673 | K9: -0.0878 | L9: 0.1858 | M9: 0.2143 | N9: 179 | O9: 178 | P9: -0.007 | Q9: 0.751 | R9: 1 | S9: 0.997 | T9: 0 | U9: 0
A10: GHCL Limited RT_Paravai | B10: 46138 | C10: RT | D10: Tamilnadu | E10: 1.3 | F10: 1.1 | G10: 181404 | H10: 180441 | I10: 163670 | J10: 165448 | K10: -0.0831 | L10: 0.1753 | M10: 0.1954 | N10: 179 | O10: 174 | P10: -0.027 | Q10: 0.726 | R10: 1 | S10: 0.998 | T10: 0 | U10: 0
A11: GHCL Limited RT_Paravai-2 | B11: 46138 | C11: RT | D11: Tamilnadu | E11: 2.8 | F11: 2.2 | G11: 377310 | H11: 373140 | I11: 412256 | J11: 412722 | K11: 0.1061 | L11: 0.2049 | M11: 0.2393 | N11: 180 | O11: 185 | P11: 0.023 | Q11: 0.799 | R11: 1 | S11: 0.999 | T11: 0 | U11: 0
A12: Suriya Spinning mills_Aviyoor | B12: 46138 | C12: GM | D12: Tamilnadu | E12: 1.48 | F12: 1.1 | G12: 202885 | H12: 191883 | I12: 223939 | J12: 220836 | K12: 0.1509 | L12: 0.2103 | M12: 0.2524 | N12: 172 | O12: 192 | P12: 0.117 | Q12: 0.79 | R12: 1 | S12: 0.983 | T12: 6083 | U12: 0
A13: Pantech Synergy_Aviyoor | B13: 46138 | C13: GM | D13: Tamilnadu | E13: 2.61 | F13: 1.9 | G13: 389850 | H13: 365730 | I13: 389716 | J13: 383784 | K13: 0.0494 | L13: 0.2075 | M13: 0.2524 | N13: 172 | O13: 186 | P13: 0.083 | Q13: 0.804 | R13: 1 | S13: 0.985 | T13: 10064 | U13: 0
... A21: Vimalachal Print & Packs_Varahi | B21: 46138 | C21: GM | D21: Gujarat | E21: 2.53 | F21: 1.98 | G21: 475836 | H21: 415519 | I21: 413247 | J21: 406590 | K21: -0.0215 | L21: 0.2273 | M21: 0.2632 | N21: 217 | O21: 209 | P21: -0.037 | Q21: 0.783 | R21: 0.996 | S21: 0.969 | T21: 17421 | U21: 1352
A22: GSECL_Vasundhara | B22: 46138 | C22: GM | D22: Gujarat | E22: 18.09 | F22: 14 | G22: 2770680 | H22: 2644740 | I22: 5415420 | J22: 2691000 | K22: 0.0459 | L22: 0.2124 | M22: 0.2744 | N22: 199 | O22: 197 | P22: -0.008 | Q22: 0.775 | R22: 1 | S22: 0.945 | T22: 279144 | U22: 0 | V22: =Vasundhara!Q34
A23: Pudumjee | B23: 46138 | C23: GM | D23: Maharashtra | E23: 21.5 | F23: 15.4 | G23: 2328207 | H23: 2189481 | I23: 2410515 | J23: 2409540 | K23: 0.1005 | L23: 0.1557 | M23: 0.2174 | N23: 199 | O23: 142 | P23: -0.285 | Q23: 0.79 | R23: 0.998 | S23: 0.994 | T23: 14060 | U23: 4218 | V23: =Pudumjee!Q34
A24: Venus Denim-01 | B24: 46138 | C24: GM | D24: Gujarat | E24: 3.33 | F24: 2.42 | G24: 450892 | H24: 395968 | I24: 405353 | J24: 399060 | K24: 0.0078 | L24: 0.1691 | M24: 0.2326 | N24: 172 | O24: 163 | P24: -0.056 | Q24: 0.749 | R24: 0.991 | S24: 0.943 | T24: 34334 | U24: 3447
A25: Venus Denim-02 | B25: 46138 | C25: GM | D25: Gujarat | E25: 1.8 | F25: 1.54 | G25: 243800 | H25: 214107 | I25: 225776 | J25: 222320 | K25: 0.0384 | L25: 0.1741 | M25: 0.2036 | N25: 172 | O25: 163 | P25: -0.056 | Q25: 0.771 | R25: 0.991 | S25: 0.97 | T25: 9620 | U25: 1872
A26: Vishal Spintex | B26: 46138 | C26: GM | D26: Gujarat | E26: 5.15 | F26: 3.96 | G26: 855370 | H26: 760380 | I26: 801525 | J26: 781250 | K26: 0.0274 | L26: 0.2162 | M26: 0.2811 | N26: 211 | O26: 199 | P26: -0.056 | Q26: 0.783 | R26: 0.998 | S26: 0.958 | T26: 42836 | U26: 2630
A27: Madura Textiles | B27: 46138 | C27: GM | D27: Gujarat | E27: 65 | F27: 50 | G27: 7735659 | H27: 6923207 | I27: 7667930 | J27: 7452900 | K27: 0.0765 | L27: 0.1638 | M27: 0.213 | N27: 173 | O27: 155 | P27: -0.106 | Q27: 0.761 | R27: 1 | S27: 0.996 | T27: 378885 | U27: 2576
A28: Alkyl Amines | B28: 46138 | C28: GM | D28: Maharashtra | E28: 3.75 | F28: 3 | G28: 425720 | H28: 397700 | I28: 326224 | J28: 320040 | K28: -0.1953 | L28: 0.1208 | M28: 0.151 | N28: 135 | O28: 134 | P28: -0.008 | Q28: 0.651 | R28: 1 | S28: 0.844 | T28: 61759 | U28: 0
A29: Pro-zeal green power five_Greenpro_KA | B29: 46138 | C29: GM | D29: Karnataka | E29: 3.93 | F29: 2.86 | G29: 623300 | H29: 557681 | I29: 586167 | J29: 580730 | K29: 0.0413 | L29: 0.2072 | M29: 0.2545 | N29: 186 | O29: 184 | P29: -0.007 | Q29: 0.81 | R29: 0.995 | S29: 0.996 | T29: 8409 | U29: 1893
A30: Rishi FIBC_Bommalapura | B30: 46138 | C30: GM | D30: Karnataka | E30: 3.72 | F30: 3.3 | G30: 632445 | H30: 570599 | I30: 587316 | J30: 585140 | K30: 0.0255 | L30: 0.2195 | M30: 0.2367 | N30: 186 | O30: 183 | P30: -0.012 | Q30: 0.862 | R30: 0.995 | S30: 0.997 | T30: 1184 | U30: 1714
A31: Rishi FIBC_Tearakanambi | B31: 46138 | C31: GM | D31: Karnataka | E31: 4 | F31: 3.2 | G31: 573112 | H31: 548348 | I31: 514946 | J31: 512980 | K31: -0.0645 | L31: 0.1788 | M31: 0.2072 | N31: 182 | O31: 181 | P31: -0.005 | Q31: 0.711 | R31: 1 | S31: 0.946 | T31: 22938 | U31: 0
A32: Automotive axels GO-1_TSU3_KA | B32: 46138 | C32: GM | D32: Karnataka | E32: 6 | F32: 4.9 | G32: 847912 | H32: 818451 | I32: 869814 | J32: 850740 | K32: 0.0395 | L32: 0.2013 | M32: 0.2286 | N32: 177 | O32: 184 | P32: 0.043 | Q32: 0.787 | R32: 1 | S32: 0.998 | T32: 0 | U32: 556
A33: Automotive axels GO-2_TSU3_KA | B33: 46138 | C33: GM | D33: Karnataka | E33: 6 | F33: 4.5 | G33: 852173 | H33: 821081 | I33: 868918 | J33: 853740 | K33: 0.0398 | L33: 0.2011 | M33: 0.2426 | N33: 177 | O33: 183 | P33: 0.035 | Q33: 0.792 | R33: 1 | S33: 0.998 | T33: 0 | U33: 1066
A34: ACG_Tuljapur | B34: 46138 | C34: GM | D34: Maharashtra | E34: 12.3 | F34: 10.12 | G34: 1556230 | H34: 1517620 | I34: 1525862 | J34: 1495935 | K34: -0.0143 | L34: 0.1723 | M34: 0.1985 | N34: 172 | O34: 157 | P34: -0.087 | Q34: 0.792 | R34: 1 | S34: 1 | T34: 68285 | U34: 8421
A35: Aarti_Akola | B35: 46138 | C35: GM | D35: Maharashtra | E35: 21 | F35: 14.85 | G35: 2999178 | H35: 2317536 | I35: 2550625 | J35: 2531100 | K35: 0.0922 | L35: 0.1687 | M35: 0.2166 | N35: 173 | O35: 175 | P35: 0.008 | Q35: 0.695 | R35: 1 | S35: 0.959 | T35: 117502 | U35: 0
... A83: Vivekanand | B83: 46138 | C83: GM | D83: Gujarat | E83: 4.03 | F83: 3.15 | G83: 628481 | H83: 577704 | I83: 561839 | J83: 552440 | K83: -0.0437 | L83: 0.1934 | M83: 0.2477 | N83: 191 | O83: 173 | P83: -0.092 | Q83: 0.805 | R83: 1 | S83: 0.981 | T83: 28227 | U83: 0
A84: Kamal Textiles | B84: 46138 | C84: GM | D84: Gujarat | E84: 1.6 | F84: 1.32 | G84: 345000 | H84: 323550 | I84: 0 | J84: 0 | K84: -1 | L84: 0 | M84: 0 | N84: 268 | O84: 0 | P84: -1 | Q84: #DIV/0! | R84: #DIV/0! | S84: #DIV/0! | T84: 0 | U84: 0
A85: MBR Flexibles | B85: 46138 | C85: GM | D85: Gujarat | E85: 1.7 | F85: 1.32 | G85: 365010 | H85: 343140 | I85: 0 | J85: 0 | K85: -1 | L85: 0 | M85: 0 | N85: 268 | O85: 0 | P85: -1 | Q85: #DIV/0! | R85: #DIV/0! | S85: #DIV/0! | T85: 0 | U85: 0

Sheet Vivekanand
A1: Generation_Details_Plant-Name_4 mw Vivekanand costpin llp sami
A2: 46113 | B2: DC Capacity (kWp): | D2: 4034 | E2: AC capacity (kWp): | H2: 3150 | I2: COD : | K2: 45383
A3: Date | B3: Expected Generation | C3: Guaranteed Generation (kWh) | D3: Inverter Generation (kWh) | E3: ABT Meter Generation at Plant End (kWh) | F3: Generation difference (KWh) | G3: DC-CUF | H3: AC-CUF | I3: Pvsyst Irradiation (kWh/m2) | J3: Actual Irradiation (kWh/m2) | K3: Radiation Difference (KWh/m2) | L3: PR | M3: Plant Availability | N3: Grid Availability | O3: Losses due to Grid Unavailability | P3: Losses due to Plant Unavailability | Q3: Remarks
A4: =A2 -> 46113 | B4: 20949.363 | C4: 19256.808 | D4: 21274 | E4: 21000 | F4: =(IF(ISBLANK(E4),0,E4-C4))/C4 -> 0.090523437 | G4: =D4/($D$2*24) -> 0.21973641 | H4: =D4/($H$2*24) -> 0.28140212 | I4: 6.35 | J4: 6.42 | K4: =(IF(ISBLANK(J4),0,J4-I4))/I4 -> 0.011023622 | L4: =D4/($D$2*J4) -> 0.82144451 | M4: 1 | N4: 0.9842 | O4: 576 | P4: 0 | Q4: as per ALDC instructions 20% load curtailment
A5: =A4+1 -> 46114 | B5: 20949.363 | C5: 19256.808 | D5: 19336 | E5: 19040 | F5: =(IF(ISBLANK(E5),0,E5-C5))/C5 -> -0.011258751 | G5: =D5/($D$2*24) -> 0.19971905 | H5: =D5/($H$2*24) -> 0.2557672 | I5: 6.35 | J5: 5.78 | K5: =(IF(ISBLANK(J5),0,J5-I5))/I5 -> -0.08976378 | L5: =D5/($D$2*J5) -> 0.82928327 | M5: 1 | N5: 0.9928 | O5: 254 | P5: 0 | Q5: as per ALDC instructions 30% load curtailment
A6: =A5+1 -> 46115 | B6: 20949.363 | C6: 19256.808 | D6: 15953 | E6: 15720 | F6: =(IF(ISBLANK(E6),0,E6-C6))/C6 -> -0.18366531 | G6: =D6/($D$2*24) -> 0.16477648 | H6: =D6/($H$2*24) -> 0.21101852 | I6: 6.35 | J6: 4.77 | K6: =(IF(ISBLANK(J6),0,J6-I6))/I6 -> -0.2488189 | L6: =D6/($D$2*J6) -> 0.82906407 | M6: 1 | N6: 1 | O6: 0 | P6: 0
A7: =A6+1 -> 46116 | B7: 20949.363 | C7: 19256.808 | D7: 24120 | E7: 23680 | F7: =(IF(ISBLANK(E7),0,E7-C7))/C7 -> 0.229695 | G7: =D7/($D$2*24) -> 0.24913237 | H7: =D7/($H$2*24) -> 0.31904762 | I7: 6.35 | J7: 7.28 | K7: =(IF(ISBLANK(J7),0,J7-I7))/I7 -> 0.14645669 | L7: =D7/($D$2*J7) -> 0.82131552 | M7: 1 | N7: 1 | O7: 0 | P7: 0
A8: =A7+1 -> 46117 | B8: 20949.363 | C8: 19256.808 | D8: 22400 | E8: 22040 | F8: =(IF(ISBLANK(E8),0,E8-C8))/C8 -> 0.14453031 | G8: =D8/($D$2*24) -> 0.23136672 | H8: =D8/($H$2*24) -> 0.2962963 | I8: 6.35 | J8: 6.83 | K8: =(IF(ISBLANK(J8),0,J8-I8))/I8 -> 0.075590551 | L8: =D8/($D$2*J8) -> 0.81300164 | M8: 1 | N8: 0.98 | O8: 1242 | P8: 0 | Q8: as per ALDC instructions 30% load curtailment
A9: =A8+1 -> 46118 | B9: 20949.363 | C9: 19256.808 | D9: 22595 | E9: 22240 | F9: =(IF(ISBLANK(E9),0,E9-C9))/C9 -> 0.15491625 | G9: =D9/($D$2*24) -> 0.23338085 | H9: =D9/($H$2*24) -> 0.29887566 | I9: 6.35 | J9: 6.93 | K9: =(IF(ISBLANK(J9),0,J9-I9))/I9 -> 0.091338583 | L9: =D9/($D$2*J9) -> 0.80824535 | M9: 1 | N9: 0.97 | O9: 1643 | P9: 0 | Q9: as per ALDC instructions 30% load curtailment
A10: =A9+1 -> 46119 | B10: 20949.363 | C10: 19256.808 | D10: 12499 | E10: 12320 | F10: =(IF(ISBLANK(E10),0,E10-C10))/C10 -> -0.36022625 | G10: =D10/($D$2*24) -> 0.12910056 | H10: =D10/($H$2*24) -> 0.16533069 | I10: 6.35 | J10: 3.94 | K10: =(IF(ISBLANK(J10),0,J10-I10))/I10 -> -0.37952756 | L10: =D10/($D$2*J10) -> 0.78639936 | M10: 1 | N10: 0.95 | O10: 2086 | P10: 0 | Q10: as per ALDC instructions 50% load curtailment
A11: =A10+1 -> 46120 | B11: 20949.363 | C11: 19256.808 | D11: 17822 | E11: 17520 | F11: =(IF(ISBLANK(E11),0,E11-C11))/C11 -> -0.090191876 | G11: =D11/($D$2*24) -> 0.18408114 | H11: =D11/($H$2*24) -> 0.23574074 | I11: 6.35 | J11: 5.65 | K11: =(IF(ISBLANK(J11),0,J11-I11))/I11 -> -0.11023622 | L11: =D11/($D$2*J11) -> 0.7819376 | M11: 1 | N11: 0.95 | O11: 5520 | P11: 0 | Q11: as per ALDC instructions 50% load curtailment
A12: =A11+1 -> 46121 | B12: 20949.363 | C12: 19256.808 | D12: 21200 | E12: 20880 | F12: =(IF(ISBLANK(E12),0,E12-C12))/C12 -> 0.084291874 | G12: =D12/($D$2*24) -> 0.21897207 | H12: =D12/($H$2*24) -> 0.28042328 | I12: 6.35 | J12: 6.5 | K12: =(IF(ISBLANK(J12),0,J12-I12))/I12 -> 0.023622047 | L12: =D12/($D$2*J12) -> 0.80851226 | M12: 1 | N12: 0.98 | O12: 1516 | P12: 0 | Q12: as per ALDC instructions 40% load curtailment
A13: =A12+1 -> 46122 | B13: 20949.363 | C13: 19256.808 | D13: 22579 | E13: 22160 | F13: =(IF(ISBLANK(E13),0,E13-C13))/C13 -> 0.15076187 | G13: =D13/($D$2*24) -> 0.23321558 | H13: =D13/($H$2*24) -> 0.29866402 | I13: 6.35 | J13: 6.75 | K13: =(IF(ISBLANK(J13),0,J13-I13))/I13 -> 0.062992126 | L13: =D13/($D$2*J13) -> 0.82921097 | M13: 1 | N13: 0.98 | O13: 760 | P13: 0 | Q13: as per ALDC instructions 20% load curtailment
A14: =A13+1 -> 46123 | B14: 20949.363 | C14: 19256.808 | D14: 22642 | E14: 22280 | F14: =(IF(ISBLANK(E14),0,E14-C14))/C14 -> 0.15699344 | G14: =D14/($D$2*24) -> 0.2338663 | H14: =D14/($H$2*24) -> 0.29949735 | I14: 6.35 | J14: 6.82 | K14: =(IF(ISBLANK(J14),0,J14-I14))/I14 -> 0.074015748 | L14: =D14/($D$2*J14) -> 0.82298992 | M14: 1 | N14: 1 | O14: 0 | P14: 0
A15: =A14+1 -> 46124 | B15: 20949.363 | C15: 19256.808 | D15: 23345 | E15: 22920 | F15: =(IF(ISBLANK(E15),0,E15-C15))/C15 -> 0.19022844 | G15: =D15/($D$2*24) -> 0.2411275 | H15: =D15/($H$2*24) -> 0.3087963 | I15: 6.35 | J15: 7.03 | K15: =(IF(ISBLANK(J15),0,J15-I15))/I15 -> 0.10708661 | L15: =D15/($D$2*J15) -> 0.82319488 | M15: 1 | N15: 1 | O15: 0 | P15: 0
A16: =A15+1 -> 46125 | B16: 20949.363 | C16: 19256.808 | D16: 22676 | E16: 22280 | F16: =(IF(ISBLANK(E16),0,E16-C16))/C16 -> 0.15699344 | G16: =D16/($D$2*24) -> 0.23421748 | H16: =D16/($H$2*24) -> 0.29994709 | I16: 6.35 | J16: 6.77 | K16: =(IF(ISBLANK(J16),0,J16-I16))/I16 -> 0.066141732 | L16: =D16/($D$2*J16) -> 0.83031309 | M16: 1 | N16: 1 | O16: 0 | P16: 0
A17: =A16+1 -> 46126 | B17: 20949.363 | C17: 19256.808 | D17: 22461 | E17: 22040 | F17: =(IF(ISBLANK(E17),0,E17-C17))/C17 -> 0.14453031 | G17: =D17/($D$2*24) -> 0.23199678 | H17: =D17/($H$2*24) -> 0.29710317 | I17: 6.35 | J17: 6.99 | K17: =(IF(ISBLANK(J17),0,J17-I17))/I17 -> 0.1007874 | L17: =D17/($D$2*J17) -> 0.79655546 | M17: 1 | N17: 0.98 | O17: 1200 | P17: 0 | Q17: as per ALDC instructions 30% load curtailment
A18: =A17+1 -> 46127 | B18: 20949.363 | C18: 19256.808 | D18: 21265 | E18: 20920 | F18: =(IF(ISBLANK(E18),0,E18-C18))/C18 -> 0.086369062 | G18: =D18/($D$2*24) -> 0.21964345 | H18: =D18/($H$2*24) -> 0.28128307 | I18: 6.35 | J18: 6.67 | K18: =(IF(ISBLANK(J18),0,J18-I18))/I18 -> 0.050393701 | L18: =D18/($D$2*J18) -> 0.79032125 | M18: 1 | N18: 0.98 | O18: 1116 | P18: 0 | Q18: as per ALDC instructions 30% load curtailment
A19: =A18+1 -> 46128 | B19: 20949.363 | C19: 19256.808 | D19: 22078 | E19: 21720 | F19: =(IF(ISBLANK(E19),0,E19-C19))/C19 -> 0.12791281 | G19: =D19/($D$2*24) -> 0.22804082 | H19: =D19/($H$2*24) -> 0.29203704 | I19: 6.35 | J19: 6.95 | K19: =(IF(ISBLANK(J19),0,J19-I19))/I19 -> 0.094488189 | L19: =D19/($D$2*J19) -> 0.78747909 | M19: 1 | N19: 0.98 | O19: 904 | P19: 0 | Q19: as per ALDC instructions 30% load curtailment
A20: =A19+1 -> 46129 | B20: 20949.363 | C20: 19256.808 | D20: 21769 | E20: 21440 | F20: =(IF(ISBLANK(E20),0,E20-C20))/C20 -> 0.1133725 | G20: =D20/($D$2*24) -> 0.2248492 | H20: =D20/($H$2*24) -> 0.28794974 | I20: 6.35 | J20: 6.767 | K20: =(IF(ISBLANK(J20),0,J20-I20))/I20 -> 0.065669291 | L20: =D20/($D$2*J20) -> 0.79745541 | M20: 1 | N20: 0.98 | O20: 1358.57 | Q20: as per ALDC instructions 30% load curtailment
A21: =A20+1 -> 46130 | B21: 20949.363 | C21: 19256.808 | D21: 23431 | E21: 23000 | F21: =(IF(ISBLANK(E21),0,E21-C21))/C21 -> 0.19438281 | G21: =D21/($D$2*24) -> 0.24201578 | H21: =D21/($H$2*24) -> 0.30993386 | I21: 6.35 | J21: 7.264 | K21: =(IF(ISBLANK(J21),0,J21-I21))/I21 -> 0.14393701 | L21: =D21/($D$2*J21) -> 0.79961162 | M21: 1 | N21: 0.9868 | O21: 1016 | Q21: as per ALDC instructions 30% load curtailment
A22: =A21+1 -> 46131 | B22: 20949.363 | C22: 19256.808 | D22: 21698 | E22: 21320 | F22: =(IF(ISBLANK(E22),0,E22-C22))/C22 -> 0.10714094 | G22: =D22/($D$2*24) -> 0.22411585 | H22: =D22/($H$2*24) -> 0.28701058 | I22: 6.35 | J22: 6.804 | K22: =(IF(ISBLANK(J22),0,J22-I22))/I22 -> 0.071496063 | L22: =D22/($D$2*J22) -> 0.79053209 | M22: 1 | N22: 0.97 | O22: 1900 | Q22: as per ALDC instructions 20% load curtailment
A23: =A22+1 -> 46132 | B23: 20949.363 | C23: 19256.808 | D23: 22988 | E23: 22600 | F23: =(IF(ISBLANK(E23),0,E23-C23))/C23 -> 0.17361094 | G23: =D23/($D$2*24) -> 0.23744009 | H23: =D23/($H$2*24) -> 0.30407407 | I23: 6.35 | J23: 7.237 | K23: =(IF(ISBLANK(J23),0,J23-I23))/I23 -> 0.13968504 | L23: =D23/($D$2*J23) -> 0.78742051 | M23: 1 | N23: 0.98 | O23: 1306 | Q23: as per ALDC instructions 30% load curtailment
A24: =A23+1 -> 46133 | B24: 20949.363 | C24: 19256.808 | D24: 23173 | E24: 22760 | F24: =(IF(ISBLANK(E24),0,E24-C24))/C24 -> 0.18191969 | G24: =D24/($D$2*24) -> 0.23935093 | H24: =D24/($H$2*24) -> 0.30652116 | I24: 6.35 | J24: 7.357 | K24: =(IF(ISBLANK(J24),0,J24-I24))/I24 -> 0.15858268 | L24: =D24/($D$2*J24) -> 0.78081044 | M24: 1 | N24: 0.98 | O24: 1372 | Q24: as per ALDC instructions 30% load curtailment
A25: =A24+1 -> 46134 | B25: 20949.363 | C25: 19256.808 | D25: 22817 | E25: 22400 | F25: =(IF(ISBLANK(E25),0,E25-C25))/C25 -> 0.163225 | G25: =D25/($D$2*24) -> 0.23567386 | H25: =D25/($H$2*24) -> 0.30181217 | I25: 6.35 | J25: 7.139 | K25: =(IF(ISBLANK(J25),0,J25-I25))/I25 -> 0.12425197 | L25: =D25/($D$2*J25) -> 0.79229199 | M25: 1 | N25: 0.97 | O25: 1787 | Q25: as per ALDC instructions 30% load curtailment
A26: =A25+1 -> 46135 | B26: 20949.363 | C26: 19256.808 | D26: 23138 | E26: 22720 | F26: =(IF(ISBLANK(E26),0,E26-C26))/C26 -> 0.1798425 | G26: =D26/($D$2*24) -> 0.23898942 | H26: =D26/($H$2*24) -> 0.3060582 | I26: 6.35 | J26: 7.198 | K26: =(IF(ISBLANK(J26),0,J26-I26))/I26 -> 0.13354331 | L26: =D26/($D$2*J26) -> 0.79685276 | M26: 1 | N26: 0.98 | O26: 571 | Q26: as per ALDC instructions 20% load curtailment
A27: =A26+1 -> 46136 | B27: 20949.363 | C27: 19256.808 | D27: 23019 | E27: 22680 | F27: =(IF(ISBLANK(E27),0,E27-C27))/C27 -> 0.17776531 | G27: =D27/($D$2*24) -> 0.23776029 | H27: =D27/($H$2*24) -> 0.30448413 | I27: 6.35 | J27: 7.125 | K27: =(IF(ISBLANK(J27),0,J27-I27))/I27 -> 0.12204724 | L27: =D27/($D$2*J27) -> 0.80087676 | M27: 1 | N27: 0.99 | O27: 362 | Q27: as per ALDC instructions 20% load curtailment
A28: =A27+1 -> 46137 | B28: 20949.363 | C28: 19256.808 | D28: 22956 | E28: 22600 | F28: =(IF(ISBLANK(E28),0,E28-C28))/C28 -> 0.17361094 | G28: =D28/($D$2*24) -> 0.23710957 | H28: =D28/($H$2*24) -> 0.30365079 | I28: 6.35 | J28: 6.925 | K28: =(IF(ISBLANK(J28),0,J28-I28))/I28 -> 0.090551181 | L28: =D28/($D$2*J28) -> 0.82175157 | M28: 1
A29: =A28+1 -> 46138 | B29: 20949.363 | C29: 19256.808 | D29: 22605 | E29: 22160 | F29: =(IF(ISBLANK(E29),0,E29-C29))/C29 -> 0.15076187 | G29: =D29/($D$2*24) -> 0.23348413 | H29: =D29/($H$2*24) -> 0.29900794 | I29: 6.35 | J29: 7.032 | K29: =(IF(ISBLANK(J29),0,J29-I29))/I29 -> 0.10740157 | L29: =D29/($D$2*J29) -> 0.79687418 | M29: 1 | N29: 0.97 | O29: 1737 | Q29: as per ALDC instructions 40% load curtailment
A30: =A29+1 -> 46139 | B30: 20949.363 | C30: 19256.808 | F30: =(IF(ISBLANK(E30),0,E30-C30))/C30 -> 0 | G30: =D30/($D$2*24) -> 0 | H30: =D30/($H$2*24) -> 0 | I30: 6.35 | K30: =(IF(ISBLANK(J30),0,J30-I30))/I30 -> 0 | L30: =D30/($D$2*J30) -> #DIV/0!
A31: =A30+1 -> 46140 | B31: 20949.363 | C31: 19256.808 | F31: =(IF(ISBLANK(E31),0,E31-C31))/C31 -> 0 | G31: =D31/($D$2*24) -> 0 | H31: =D31/($H$2*24) -> 0 | I31: 6.35 | K31: =(IF(ISBLANK(J31),0,J31-I31))/I31 -> 0 | L31: =D31/($D$2*J31) -> #DIV/0!
A32: =A31+1 -> 46141 | B32: 20949.363 | C32: 19256.808 | F32: =(IF(ISBLANK(E32),0,E32-C32))/C32 -> 0 | G32: =D32/($D$2*24) -> 0 | H32: =D32/($H$2*24) -> 0 | I32: 6.35 | K32: =(IF(ISBLANK(J32),0,J32-I32))/I32 -> 0 | L32: =D32/($D$2*J32) -> #DIV/0!
A33: =A32+1 -> 46142 | B33: 20949.363 | C33: 19256.808 | F33: =(IF(ISBLANK(E33),0,E33-C33))/C33 -> 0 | G33: =D33/($D$2*24) -> 0 | H33: =D33/($H$2*24) -> 0 | I33: 6.35 | K33: =(IF(ISBLANK(J33),0,J33-I33))/I33 -> 0 | L33: =D33/($D$2*J33) -> #DIV/0!
A34: 46113 | B34: =SUM(B4:B33) -> 628480.89 | C34: =SUM(C4:C33) -> 577704.23 | D34: =SUM(D4:D33) -> 561839 | E34: =SUM(E4:E33) -> 552440 | F34: =(IF(ISBLANK(E34),0,E34-C34))/C34 -> -0.043732115 | G34: =AVERAGE(G4:G33) -> 0.19343876 | H34: =AVERAGE(H4:H33) -> 0.24772443 | I34: =SUM(I4:I33) -> 190.5 | J34: =SUM(J4:J33) -> 172.928 | K34: =(IF(ISBLANK(J34),0,J34-I34))/I34 -> -0.09224147 | L34: =D34/($D$2*J34) -> 0.80539823 | M34: =AVERAGE(M4:M33) -> 1 | N34: =AVERAGE(N4:N33) -> 0.981352 | O34: =SUM(O4:O33) -> 28226.57 | P34: =SUM(P4:P33) -> 0
A35: 46143 | F35: =(IF(ISBLANK(E35),0,E35-C35))/C35 -> #DIV/0! | G35: =D35/($D$2*24) -> 0 | H35: =D35/($H$2*24) -> 0 | K35: =(IF(ISBLANK(J35),0,J35-I35))/I35 -> #DIV/0! | L35: =D35/($D$2*J35) -> #DIV/0!
A36: =A35+1 -> 46144 | F36: =(IF(ISBLANK(E36),0,E36-C36))/C36 -> #DIV/0! | G36: =D36/($D$2*24) -> 0 | H36: =D36/($H$2*24) -> 0 | K36: =(IF(ISBLANK(J36),0,J36-I36))/I36 -> #DIV/0! | L36: =D36/($D$2*J36) -> #DIV/0!
A37: =A36+1 -> 46145 | F37: =(IF(ISBLANK(E37),0,E37-C37))/C37 -> #DIV/0! | G37: =D37/($D$2*24) -> 0 | H37: =D37/($H$2*24) -> 0 | K37: =(IF(ISBLANK(J37),0,J37-I37))/I37 -> #DIV/0! | L37: =D37/($D$2*J37) -> #DIV/0!
A38: =A37+1 -> 46146 | F38: =(IF(ISBLANK(E38),0,E38-C38))/C38 -> #DIV/0! | G38: =D38/($D$2*24) -> 0 | H38: =D38/($H$2*24) -> 0 | K38: =(IF(ISBLANK(J38),0,J38-I38))/I38 -> #DIV/0! | L38: =D38/($D$2*J38) -> #DIV/0!
A39: =A38+1 -> 46147 | F39: =(IF(ISBLANK(E39),0,E39-C39))/C39 -> #DIV/0! | G39: =D39/($D$2*24) -> 0 | H39: =D39/($H$2*24) -> 0 | K39: =(IF(ISBLANK(J39),0,J39-I39))/I39 -> #DIV/0! | L39: =D39/($D$2*J39) -> #DIV/0!
A40: =A39+1 -> 46148 | F40: =(IF(ISBLANK(E40),0,E40-C40))/C40 -> #DIV/0! | G40: =D40/($D$2*24) -> 0 | H40: =D40/($H$2*24) -> 0 | K40: =(IF(ISBLANK(J40),0,J40-I40))/I40 -> #DIV/0! | L40: =D40/($D$2*J40) -> #DIV/0!
A41: =A40+1 -> 46149 | F41: =(IF(ISBLANK(E41),0,E41-C41))/C41 -> #DIV/0! | G41: =D41/($D$2*24) -> 0 | H41: =D41/($H$2*24) -> 0 | K41: =(IF(ISBLANK(J41),0,J41-I41))/I41 -> #DIV/0! | L41: =D41/($D$2*J41) -> #DIV/0!
A42: =A41+1 -> 46150 | F42: =(IF(ISBLANK(E42),0,E42-C42))/C42 -> #DIV/0! | G42: =D42/($D$2*24) -> 0 | H42: =D42/($H$2*24) -> 0 | K42: =(IF(ISBLANK(J42),0,J42-I42))/I42 -> #DIV/0! | L42: =D42/($D$2*J42) -> #DIV/0!
A43: =A42+1 -> 46151 | F43: =(IF(ISBLANK(E43),0,E43-C43))/C43 -> #DIV/0! | G43: =D43/($D$2*24) -> 0 | H43: =D43/($H$2*24) -> 0 | K43: =(IF(ISBLANK(J43),0,J43-I43))/I43 -> #DIV/0! | L43: =D43/($D$2*J43) -> #DIV/0!
A44: =A43+1 -> 46152 | F44: =(IF(ISBLANK(E44),0,E44-C44))/C44 -> #DIV/0! | G44: =D44/($D$2*24) -> 0 | H44: =D44/($H$2*24) -> 0 | K44: =(IF(ISBLANK(J44),0,J44-I44))/I44 -> #DIV/0! | L44: =D44/($D$2*J44) -> #DIV/0!
A45: =A44+1 -> 46153 | F45: =(IF(ISBLANK(E45),0,E45-C45))/C45 -> #DIV/0! | G45: =D45/($D$2*24) -> 0 | H45: =D45/($H$2*24) -> 0 | K45: =(IF(ISBLANK(J45),0,J45-I45))/I45 -> #DIV/0! | L45: =D45/($D$2*J45) -> #DIV/0!
A46: =A45+1 -> 46154 | F46: =(IF(ISBLANK(E46),0,E46-C46))/C46 -> #DIV/0! | G46: =D46/($D$2*24) -> 0 | H46: =D46/($H$2*24) -> 0 | K46: =(IF(ISBLANK(J46),0,J46-I46))/I46 -> #DIV/0! | L46: =D46/($D$2*J46) -> #DIV/0!
A47: =A46+1 -> 46155 | F47: =(IF(ISBLANK(E47),0,E47-C47))/C47 -> #DIV/0! | G47: =D47/($D$2*24) -> 0 | H47: =D47/($H$2*24) -> 0 | K47: =(IF(ISBLANK(J47),0,J47-I47))/I47 -> #DIV/0! | L47: =D47/($D$2*J47) -> #DIV/0!
... A65: =A64+1 -> 46173 | F65: =(IF(ISBLANK(E65),0,E65-C65))/C65 -> #DIV/0! | G65: =D65/($D$2*24) -> 0 | H65: =D65/($H$2*24) -> 0 | K65: =(IF(ISBLANK(J65),0,J65-I65))/I65 -> #DIV/0! | L65: =D65/($D$2*J65) -> #DIV/0!
A66: 46143 | B66: =SUM(B35:B65) -> 0 | C66: =SUM(C35:C65) -> 0 | D66: =SUM(D35:D65) -> 0 | E66: =SUM(E35:E65) -> 0 | F66: =(IF(ISBLANK(E66),0,E66-C66))/C66 -> #DIV/0! | G66: =AVERAGE(G35:G65) -> 0 | H66: =AVERAGE(H35:H65) -> 0 | I66: =SUM(I35:I65) -> 0 | J66: =SUM(J35:J65) -> 0 | K66: =(IF(ISBLANK(J66),0,J66-I66))/I66 -> #DIV/0! | L66: =D66/($D$2*J66) -> #DIV/0! | M66: =AVERAGE(M35:M65) -> #DIV/0! | N66: =AVERAGE(N35:N65) -> #DIV/0! | O66: =SUM(O35:O65) -> 0 | P66: =SUM(P35:P65) -> 0

Sheet Prince
A1: Generation Details_Prince Spinners_Mujpur_GJ.
A2: 46113 | B2: DC Capacity (kWp): | D2: 4809 | E2: AC capacity (kWp): | H2: 3850 | I2: COD : | K2: 30-03-2024
A3: Date | B3: Expected Generation | C3: Guaranteed Generation (kWh) | D3: Inverter Generation (kWh) | E3: ABT Meter Generation at Plant End (kWh) | F3: Generation difference (KWh) | G3: DC-CUF | H3: AC-CUF | I3: Pvsyst Irradiation (kWh/m2) | J3: Actual Irradiation (kWh/m2) | K3: Radiation Difference (KWh/m2) | L3: PR | M3: Plant Availability | N3: Grid Availability | O3: Losses due to Grid Unavailability | P3: Losses due to Plant Unavailability | Q3: Remarks
A4: =A2 -> 46113 | B4: 27440 | C4: 20057 | D4: 27854 | E4: 27300 | F4: =(IF(ISBLANK(E4),0,E4-C4))/C4 -> 0.36112081 | G4: =D4/($D$2*24) -> 0.24133569 | H4: =D4/($H$2*24) -> 0.30145022 | I4: 6.49 | J4: 6.751 | K4: =(IF(ISBLANK(J4),0,J4-I4))/I4 -> 0.040215716 | L4: =D4/($D$2*J4) -> 0.85795535 | M4: 1 | N4: 1 | O4: 0 | P4: 0
A5: =A4+1 -> 46114 | B5: 27440 | C5: 20057 | D5: 26487 | E5: 25950 | F5: =(IF(ISBLANK(E5),0,E5-C5))/C5 -> 0.29381263 | G5: =D5/($D$2*24) -> 0.22949158 | H5: =D5/($H$2*24) -> 0.28665584 | I5: 6.49 | J5: 6.368 | K5: =(IF(ISBLANK(J5),0,J5-I5))/I5 -> -0.018798151 | L5: =D5/($D$2*J5) -> 0.86491801 | M5: 1 | N5: 1 | O5: 0 | P5: 0
A6: =A5+1 -> 46115 | B6: 27440 | C6: 20057 | D6: 20169 | E6: 19850 | F6: =(IF(ISBLANK(E6),0,E6-C6))/C6 -> -0.010320586 | G6: =D6/($D$2*24) -> 0.17475047 | H6: =D6/($H$2*24) -> 0.21827922 | I6: 6.49 | J6: 4.76 | K6: =(IF(ISBLANK(J6),0,J6-I6))/I6 -> -0.26656394 | L6: =D6/($D$2*J6) -> 0.8810948 | M6: 1 | N6: 1 | O6: 0 | P6: 0
A7: =A6+1 -> 46116 | B7: 27440 | C7: 20057 | D7: 30494 | E7: 29800 | F7: =(IF(ISBLANK(E7),0,E7-C7))/C7 -> 0.48576557 | G7: =D7/($D$2*24) -> 0.26420947 | H7: =D7/($H$2*24) -> 0.33002165 | I7: 6.49 | J7: 7.304 | K7: =(IF(ISBLANK(J7),0,J7-I7))/I7 -> 0.12542373 | L7: =D7/($D$2*J7) -> 0.86815817 | M7: 1 | N7: 1 | O7: 0 | P7: 0
A8: =A7+1 -> 46117 | B8: 27440 | C8: 20057 | D8: 26661 | E8: 26150 | F8: =(IF(ISBLANK(E8),0,E8-C8))/C8 -> 0.30378421 | G8: =D8/($D$2*24) -> 0.23099917 | H8: =D8/($H$2*24) -> 0.28853896 | I8: 6.49 | J8: 7.035 | K8: =(IF(ISBLANK(J8),0,J8-I8))/I8 -> 0.083975347 | L8: =D8/($D$2*J8) -> 0.78805686 | M8: 1 | N8: 0.9375 | O8: 2668 | P8: 0 | Q8: 30% Load shedding message received from ALDC
A9: =A8+1 -> 46118 | B9: 27440 | C9: 20057 | D9: 27939 | E9: 27350 | F9: =(IF(ISBLANK(E9),0,E9-C9))/C9 -> 0.3636137 | G9: =D9/($D$2*24) -> 0.24207216 | H9: =D9/($H$2*24) -> 0.30237013 | I9: 6.49 | J9: 7.334 | K9: =(IF(ISBLANK(J9),0,J9-I9))/I9 -> 0.13004622 | L9: =D9/($D$2*J9) -> 0.79216413 | M9: 1 | N9: 0.9375 | O9: 2566 | P9: 0 | Q9: 30% Load shedding message received from ALDC
A10: =A9+1 -> 46119 | B10: 27440 | C10: 20057 | D10: 16182 | E10: 15850 | F10: =(IF(ISBLANK(E10),0,E10-C10))/C10 -> -0.20975221 | G10: =D10/($D$2*24) -> 0.14020586 | H10: =D10/($H$2*24) -> 0.17512987 | I10: 6.49 | J10: 4.378 | K10: =(IF(ISBLANK(J10),0,J10-I10))/I10 -> -0.32542373 | L10: =D10/($D$2*J10) -> 0.76860227 | M10: 1 | N10: 0.9306 | O10: 2282 | P10: 0 | Q10: B Phese temporary jamper fail Gss site
A11: =A10+1 -> 46120 | B11: 27440 | C11: 20057 | D11: 26024 | E11: 25550 | F11: =(IF(ISBLANK(E11),0,E11-C11))/C11 -> 0.27386947 | G11: =D11/($D$2*24) -> 0.22548 | H11: =D11/($H$2*24) -> 0.28164502 | I11: 6.49 | J11: 7.118 | K11: =(IF(ISBLANK(J11),0,J11-I11))/I11 -> 0.096764253 | L11: =D11/($D$2*J11) -> 0.76025851 | M11: 1 | N11: 0.881 | O11: 3685 | P11: 0 | Q11: 50% Load shedding message received from ALDC
A12: =A11+1 -> 46121 | B12: 27440 | C12: 20057 | D12: 28769 | E12: 28200 | F12: =(IF(ISBLANK(E12),0,E12-C12))/C12 -> 0.40599292 | G12: =D12/($D$2*24) -> 0.24926353 | H12: =D12/($H$2*24) -> 0.31135281 | I12: 6.49 | J12: 7.078 | K12: =(IF(ISBLANK(J12),0,J12-I12))/I12 -> 0.090600924 | L12: =D12/($D$2*J12) -> 0.84519989 | M12: 1 | N12: 1 | O12: 0 | P12: 0
A13: =A12+1 -> 46122 | B13: 27440 | C13: 20057 | D13: 29198 | E13: 28650 | F13: =(IF(ISBLANK(E13),0,E13-C13))/C13 -> 0.42842898 | G13: =D13/($D$2*24) -> 0.25298052 | H13: =D13/($H$2*24) -> 0.31599567 | I13: 6.49 | J13: 7.173 | K13: =(IF(ISBLANK(J13),0,J13-I13))/I13 -> 0.10523883 | L13: =D13/($D$2*J13) -> 0.84644257 | M13: 1 | N13: 1 | O13: 0 | P13: 0
A14: =A13+1 -> 46123 | B14: 27440 | C14: 20057 | D14: 28613 | E14: 28050 | F14: =(IF(ISBLANK(E14),0,E14-C14))/C14 -> 0.39851423 | G14: =D14/($D$2*24) -> 0.2479119 | H14: =D14/($H$2*24) -> 0.3096645 | I14: 6.49 | J14: 7.065 | K14: =(IF(ISBLANK(J14),0,J14-I14))/I14 -> 0.088597843 | L14: =D14/($D$2*J14) -> 0.84216357 | M14: 1 | N14: 1 | O14: 0 | P14: 0
A15: =A14+1 -> 46124 | B15: 27440 | C15: 20057 | D15: 29186 | E15: 28600 | F15: =(IF(ISBLANK(E15),0,E15-C15))/C15 -> 0.42593608 | G15: =D15/($D$2*24) -> 0.25287655 | H15: =D15/($H$2*24) -> 0.3158658 | I15: 6.49 | J15: 7.236 | K15: =(IF(ISBLANK(J15),0,J15-I15))/I15 -> 0.11494607 | L15: =D15/($D$2*J15) -> 0.8387282 | M15: 1 | N15: 1 | O15: 0 | P15: 0
A16: =A15+1 -> 46125 | B16: 27440 | C16: 20057 | D16: 28719 | E16: 28150 | F16: =(IF(ISBLANK(E16),0,E16-C16))/C16 -> 0.40350002 | G16: =D16/($D$2*24) -> 0.24883032 | H16: =D16/($H$2*24) -> 0.31081169 | I16: 6.49 | J16: 7.155 | K16: =(IF(ISBLANK(J16),0,J16-I16))/I16 -> 0.10246533 | L16: =D16/($D$2*J16) -> 0.83465096 | M16: 1 | N16: 1 | O16: 0 | P16: 0
A17: =A16+1 -> 46126 | B17: 27440 | C17: 20057 | D17: 29834 | E17: 29200 | F17: =(IF(ISBLANK(E17),0,E17-C17))/C17 -> 0.45585083 | G17: =D17/($D$2*24) -> 0.25849102 | H17: =D17/($H$2*24) -> 0.32287879 | I17: 6.49 | J17: 7.376 | K17: =(IF(ISBLANK(J17),0,J17-I17))/I17 -> 0.13651772 | L17: =D17/($D$2*J17) -> 0.84107708 | M17: 1 | N17: 1 | O17: 0 | P17: 0
A18: =A17+1 -> 46127 | B18: 27440 | C18: 20057 | D18: 27481 | E18: 26950 | F18: =(IF(ISBLANK(E18),0,E18-C18))/C18 -> 0.34367054 | G18: =D18/($D$2*24) -> 0.2381039 | H18: =D18/($H$2*24) -> 0.29741342 | I18: 6.49 | J18: 7.089 | K18: =(IF(ISBLANK(J18),0,J18-I18))/I18 -> 0.09229584 | L18: =D18/($D$2*J18) -> 0.80610716 | M18: 1 | N18: 0.9861 | O18: 639 | P18: 0 | Q18: Gss site breckar trip realy testing
A19: =A18+1 -> 46128 | B19: 27440 | C19: 20057 | D19: 29353 | E19: 28750 | F19: =(IF(ISBLANK(E19),0,E19-C19))/C19 -> 0.43341477 | G19: =D19/($D$2*24) -> 0.25432349 | H19: =D19/($H$2*24) -> 0.31767316 | I19: 6.49 | J19: 7.306 | K19: =(IF(ISBLANK(J19),0,J19-I19))/I19 -> 0.1257319 | L19: =D19/($D$2*J19) -> 0.83544536 | M19: 1 | N19: 1 | O19: 0 | P19: 0
A20: =A19+1 -> 46129 | B20: 27440 | C20: 20057 | D20: 29634 | E20: 29000 | F20: =(IF(ISBLANK(E20),0,E20-C20))/C20 -> 0.44587924 | G20: =D20/($D$2*24) -> 0.25675816 | H20: =D20/($H$2*24) -> 0.32071429 | I20: 6.49 | J20: 7.346 | K20: =(IF(ISBLANK(J20),0,J20-I20))/I20 -> 0.13189522 | L20: =D20/($D$2*J20) -> 0.83885051 | M20: 1 | N20: 1 | O20: 0 | P20: 0
A21: =A20+1 -> 46130 | B21: 27440 | C21: 20057 | D21: 30493 | E21: 29850 | F21: =(IF(ISBLANK(E21),0,E21-C21))/C21 -> 0.48825846 | G21: =D21/($D$2*24) -> 0.2642008 | H21: =D21/($H$2*24) -> 0.33001082 | I21: 6.49 | J21: 7.505 | K21: =(IF(ISBLANK(J21),0,J21-I21))/I21 -> 0.15639445 | L21: =D21/($D$2*J21) -> 0.84487932 | M21: 1 | N21: 1 | O21: 0 | P21: 0
A22: =A21+1 -> 46131 | B22: 27440 | C22: 20057 | D22: 29314 | E22: 28650 | F22: =(IF(ISBLANK(E22),0,E22-C22))/C22 -> 0.42842898 | G22: =D22/($D$2*24) -> 0.25398558 | H22: =D22/($H$2*24) -> 0.31725108 | I22: 6.49 | J22: 7.141 | K22: =(IF(ISBLANK(J22),0,J22-I22))/I22 -> 0.10030817 | L22: =D22/($D$2*J22) -> 0.8536135 | M22: 1 | N22: 1 | O22: 0 | P22: 0
A23: =A22+1 -> 46132 | B23: 27440 | C23: 20057 | D23: 29820 | E23: 29200 | F23: =(IF(ISBLANK(E23),0,E23-C23))/C23 -> 0.45585083 | G23: =D23/($D$2*24) -> 0.25836972 | H23: =D23/($H$2*24) -> 0.32272727 | I23: 6.49 | J23: 7.315 | K23: =(IF(ISBLANK(J23),0,J23-I23))/I23 -> 0.12711864 | L23: =D23/($D$2*J23) -> 0.84769287 | M23: 1 | N23: 1 | O23: 0 | P23: 0
A24: =A23+1 -> 46133 | B24: 27440 | C24: 20057 | D24: 30446 | E24: 29850 | F24: =(IF(ISBLANK(E24),0,E24-C24))/C24 -> 0.48825846 | G24: =D24/($D$2*24) -> 0.26379358 | H24: =D24/($H$2*24) -> 0.32950216 | I24: 6.49 | J24: 7.38 | K24: =(IF(ISBLANK(J24),0,J24-I24))/I24 -> 0.13713405 | L24: =D24/($D$2*J24) -> 0.85786531 | M24: 1 | N24: 1 | O24: 0 | P24: 0
A25: =A24+1 -> 46134 | B25: 27440 | C25: 20057 | D25: 30263 | E25: 29600 | F25: =(IF(ISBLANK(E25),0,E25-C25))/C25 -> 0.47579399 | G25: =D25/($D$2*24) -> 0.26220801 | H25: =D25/($H$2*24) -> 0.32752165 | I25: 6.49 | J25: 7.2 | K25: =(IF(ISBLANK(J25),0,J25-I25))/I25 -> 0.10939908 | L25: =D25/($D$2*J25) -> 0.87402671 | M25: 1 | N25: 1 | O25: 0 | P25: 0
A26: =A25+1 -> 46135 | B26: 27440 | C26: 20057 | D26: 28831 | E26: 28350 | F26: =(IF(ISBLANK(E26),0,E26-C26))/C26 -> 0.41347161 | G26: =D26/($D$2*24) -> 0.24980072 | H26: =D26/($H$2*24) -> 0.31202381 | I26: 6.49 | J26: 7.288 | K26: =(IF(ISBLANK(J26),0,J26-I26))/I26 -> 0.1229584 | L26: =D26/($D$2*J26) -> 0.82261489 | M26: 1 | N26: 0.9822 | O26: 781 | P26: 0 | Q26: 20% Load Curtailment message received from SLDC
A27: =A26+1 -> 46136 | B27: 27440 | C27: 20057 | D27: 29473 | E27: 28750 | F27: =(IF(ISBLANK(E27),0,E27-C27))/C27 -> 0.43341477 | G27: =D27/($D$2*24) -> 0.25536321 | H27: =D27/($H$2*24) -> 0.31897186 | I27: 6.49 | J27: 7.108 | K27: =(IF(ISBLANK(J27),0,J27-I27))/I27 -> 0.095223421 | L27: =D27/($D$2*J27) -> 0.86222805 | M27: 1 | N27: 1 | O27: 0 | P27: 0
A28: =A27+1 -> 46137 | B28: 27440 | C28: 20057 | D28: 29055 | E28: 28400 | F28: =(IF(ISBLANK(E28),0,E28-C28))/C28 -> 0.4159645 | G28: =D28/($D$2*24) -> 0.25174153 | H28: =D28/($H$2*24) -> 0.31444805 | I28: 6.49 | J28: 7.154 | K28: =(IF(ISBLANK(J28),0,J28-I28))/I28 -> 0.10231125 | L28: =D28/($D$2*J28) -> 0.84453406 | M28: 1 | N28: 1 | O28: 0 | P28: 0
A29: =A28+1 -> 46138 | B29: 27440 | C29: 20057 | D29: 27959 | E29: 27450 | F29: =(IF(ISBLANK(E29),0,E29-C29))/C29 -> 0.36859949 | G29: =D29/($D$2*24) -> 0.24224544 | H29: =D29/($H$2*24) -> 0.30258658 | I29: 6.49 | J29: 7.33 | K29: =(IF(ISBLANK(J29),0,J29-I29))/I29 -> 0.12942989 | L29: =D29/($D$2*J29) -> 0.7931638 | M29: 1 | N29: 0.9206 | O29: 0 | P29: 1048 | Q29: 20% + 20% Load Curtailment message received from SLDC
A30: =A29+1 -> 46139 | B30: 27440 | C30: 20057 | F30: =(IF(ISBLANK(E30),0,E30-C30))/C30 -> 0 | G30: =D30/($D$2*24) -> 0 | H30: =D30/($H$2*24) -> 0 | I30: 6.49 | K30: =(IF(ISBLANK(J30),0,J30-I30))/I30 -> 0 | L30: =D30/($D$2*J30) -> #DIV/0!
A31: =A30+1 -> 46140 | B31: 27440 | C31: 20057 | F31: =(IF(ISBLANK(E31),0,E31-C31))/C31 -> 0 | G31: =D31/($D$2*24) -> 0 | H31: =D31/($H$2*24) -> 0 | I31: 6.49 | K31: =(IF(ISBLANK(J31),0,J31-I31))/I31 -> 0 | L31: =D31/($D$2*J31) -> #DIV/0!
A32: =A31+1 -> 46141 | B32: 27440 | C32: 20057 | F32: =(IF(ISBLANK(E32),0,E32-C32))/C32 -> 0 | G32: =D32/($D$2*24) -> 0 | H32: =D32/($H$2*24) -> 0 | I32: 6.49 | K32: =(IF(ISBLANK(J32),0,J32-I32))/I32 -> 0 | L32: =D32/($D$2*J32) -> #DIV/0!
A33: =A32+1 -> 46142 | B33: 27440 | C33: 20057 | F33: =(IF(ISBLANK(E33),0,E33-C33))/C33 -> 0 | G33: =D33/($D$2*24) -> 0 | H33: =D33/($H$2*24) -> 0 | I33: 6.49 | K33: =(IF(ISBLANK(J33),0,J33-I33))/I33 -> 0 | L33: =D33/($D$2*J33) -> #DIV/0!
A34: 46113 | B34: =SUM(B4:B33) -> 823200 | C34: =SUM(C4:C33) -> 601710 | D34: =SUM(D4:D33) -> 728251 | E34: =SUM(E4:E33) -> 713450 | F34: =(IF(ISBLANK(E34),0,E34-C34))/C34 -> 0.18570408 | G34: =AVERAGE(G4:G33) -> 0.21032641 | H34: =AVERAGE(H4:H33) -> 0.26271681 | I34: =SUM(I4:I33) -> 194.7 | J34: =SUM(J4:J33) -> 181.293 | K34: =(IF(ISBLANK(J34),0,J34-I34))/I34 -> -0.068859784 | L34: =D34/($D$2*J34) -> 0.83530538 | M34: =AVERAGE(M4:M33) -> 1 | N34: =AVERAGE(N4:N33) -> 0.98367308 | O34: =SUM(O4:O33) -> 12621 | P34: =SUM(P4:P33) -> 1048
A35: 46143 | F35: =(IF(ISBLANK(E35),0,E35-C35))/C35 -> #DIV/0! | G35: =D35/($D$2*24) -> 0 | H35: =D35/($H$2*24) -> 0 | K35: =(IF(ISBLANK(J35),0,J35-I35))/I35 -> #DIV/0! | L35: =D35/($D$2*J35) -> #DIV/0!
A36: =A35+1 -> 46144 | F36: =(IF(ISBLANK(E36),0,E36-C36))/C36 -> #DIV/0! | G36: =D36/($D$2*24) -> 0 | H36: =D36/($H$2*24) -> 0 | K36: =(IF(ISBLANK(J36),0,J36-I36))/I36 -> #DIV/0! | L36: =D36/($D$2*J36) -> #DIV/0!
A37: =A36+1 -> 46145 | F37: =(IF(ISBLANK(E37),0,E37-C37))/C37 -> #DIV/0! | G37: =D37/($D$2*24) -> 0 | H37: =D37/($H$2*24) -> 0 | K37: =(IF(ISBLANK(J37),0,J37-I37))/I37 -> #DIV/0! | L37: =D37/($D$2*J37) -> #DIV/0!
A38: =A37+1 -> 46146 | F38: =(IF(ISBLANK(E38),0,E38-C38))/C38 -> #DIV/0! | G38: =D38/($D$2*24) -> 0 | H38: =D38/($H$2*24) -> 0 | K38: =(IF(ISBLANK(J38),0,J38-I38))/I38 -> #DIV/0! | L38: =D38/($D$2*J38) -> #DIV/0!
A39: =A38+1 -> 46147 | F39: =(IF(ISBLANK(E39),0,E39-C39))/C39 -> #DIV/0! | G39: =D39/($D$2*24) -> 0 | H39: =D39/($H$2*24) -> 0 | K39: =(IF(ISBLANK(J39),0,J39-I39))/I39 -> #DIV/0! | L39: =D39/($D$2*J39) -> #DIV/0!
A40: =A39+1 -> 46148 | F40: =(IF(ISBLANK(E40),0,E40-C40))/C40 -> #DIV/0! | G40: =D40/($D$2*24) -> 0 | H40: =D40/($H$2*24) -> 0 | K40: =(IF(ISBLANK(J40),0,J40-I40))/I40 -> #DIV/0! | L40: =D40/($D$2*J40) -> #DIV/0!
A41: =A40+1 -> 46149 | F41: =(IF(ISBLANK(E41),0,E41-C41))/C41 -> #DIV/0! | G41: =D41/($D$2*24) -> 0 | H41: =D41/($H$2*24) -> 0 | K41: =(IF(ISBLANK(J41),0,J41-I41))/I41 -> #DIV/0! | L41: =D41/($D$2*J41) -> #DIV/0!
A42: =A41+1 -> 46150 | F42: =(IF(ISBLANK(E42),0,E42-C42))/C42 -> #DIV/0! | G42: =D42/($D$2*24) -> 0 | H42: =D42/($H$2*24) -> 0 | K42: =(IF(ISBLANK(J42),0,J42-I42))/I42 -> #DIV/0! | L42: =D42/($D$2*J42) -> #DIV/0!
A43: =A42+1 -> 46151 | F43: =(IF(ISBLANK(E43),0,E43-C43))/C43 -> #DIV/0! | G43: =D43/($D$2*24) -> 0 | H43: =D43/($H$2*24) -> 0 | K43: =(IF(ISBLANK(J43),0,J43-I43))/I43 -> #DIV/0! | L43: =D43/($D$2*J43) -> #DIV/0!
A44: =A43+1 -> 46152 | F44: =(IF(ISBLANK(E44),0,E44-C44))/C44 -> #DIV/0! | G44: =D44/($D$2*24) -> 0 | H44: =D44/($H$2*24) -> 0 | K44: =(IF(ISBLANK(J44),0,J44-I44))/I44 -> #DIV/0! | L44: =D44/($D$2*J44) -> #DIV/0!
A45: =A44+1 -> 46153 | F45: =(IF(ISBLANK(E45),0,E45-C45))/C45 -> #DIV/0! | G45: =D45/($D$2*24) -> 0 | H45: =D45/($H$2*24) -> 0 | K45: =(IF(ISBLANK(J45),0,J45-I45))/I45 -> #DIV/0! | L45: =D45/($D$2*J45) -> #DIV/0!
A46: =A45+1 -> 46154 | F46: =(IF(ISBLANK(E46),0,E46-C46))/C46 -> #DIV/0! | G46: =D46/($D$2*24) -> 0 | H46: =D46/($H$2*24) -> 0 | K46: =(IF(ISBLANK(J46),0,J46-I46))/I46 -> #DIV/0! | L46: =D46/($D$2*J46) -> #DIV/0!
A47: =A46+1 -> 46155 | F47: =(IF(ISBLANK(E47),0,E47-C47))/C47 -> #DIV/0! | G47: =D47/($D$2*24) -> 0 | H47: =D47/($H$2*24) -> 0 | K47: =(IF(ISBLANK(J47),0,J47-I47))/I47 -> #DIV/0! | L47: =D47/($D$2*J47) -> #DIV/0!
... A65: =A64+1 -> 46173 | F65: =(IF(ISBLANK(E65),0,E65-C65))/C65 -> #DIV/0! | G65: =D65/($D$2*24) -> 0 | H65: =D65/($H$2*24) -> 0 | K65: =(IF(ISBLANK(J65),0,J65-I65))/I65 -> #DIV/0! | L65: =D65/($D$2*J65) -> #DIV/0!
A66: 46143 | B66: =SUM(B35:B65) -> 0 | C66: =SUM(C35:C65) -> 0 | D66: =SUM(D35:D65) -> 0 | E66: =SUM(E35:E65) -> 0 | F66: =(IF(ISBLANK(E66),0,E66-C66))/C66 -> #DIV/0! | G66: =AVERAGE(G35:G65) -> 0 | H66: =AVERAGE(H35:H65) -> 0 | I66: =SUM(I35:I65) -> 0 | J66: =SUM(J35:J65) -> 0 | K66: =(IF(ISBLANK(J66),0,J66-I66))/I66 -> #DIV/0! | L66: =D66/($D$2*J66) -> #DIV/0! | M66: =AVERAGE(M35:M65) -> #DIV/0! | N66: =AVERAGE(N35:N65) -> #DIV/0! | O66: =SUM(O35:O65) -> 0 | P66: =SUM(P35:P65) -> 0

Sheet Majethiya
A1: Generation Details_Majethiya Papers Pvt Ltd._Nani Chandur_GJ.
A2: 46113 | B2: DC Capacity (kWp): | D2: 1000 | E2: AC capacity (kWp): | H2: 800 | I2: COD : | K2: 44364
A3: Month | B3: Expected Generation | C3: Guaranteed Generation (kWh) | D3: Inverter Generation (kWh) | E3: ABT Meter Generation at Plant End (kWh) | F3: Generation difference (KWh) | G3: DC-CUF | H3: AC-CUF | I3: Pvsyst Irradiation (kWh/m2) | J3: Actual Irradiation (kWh/m2) | K3: Radiation Difference (KWh/m2) | L3: PR | M3: Plant Availability | N3: Grid Availability | O3: Losses due to Grid Unavailability | P3: Losses due to Plant Unavailability | Q3: Remarks
A4: =A2 -> 46113 | B4: 4631 | C4: 4028 | D4: 5174 | E4: 5175 | F4: =(IF(ISBLANK(E4),0,E4-C4))/C4 -> 0.2847567 | G4: =D4/($D$2*24) -> 0.21558333 | H4: =D4/($H$2*24) -> 0.26947917 | I4: 6.85 | J4: 6.78 | K4: =(IF(ISBLANK(J4),0,J4-I4))/I4 -> -0.010218978 | L4: =D4/($D$2*J4) -> 0.76312684 | M4: 1 | N4: 0.9444 | O4: 1427 | P4: 0 | Q4: 20 % Load curtailment ALDC Request
A5: =A4+1 -> 46114 | B5: 4631 | C5: 4028 | D5: 5087 | E5: 5055 | F5: =(IF(ISBLANK(E5),0,E5-C5))/C5 -> 0.25496524 | G5: =D5/($D$2*24) -> 0.21195833 | H5: =D5/($H$2*24) -> 0.26494792 | I5: 6.85 | J5: 6.51 | K5: =(IF(ISBLANK(J5),0,J5-I5))/I5 -> -0.049635036 | L5: =D5/($D$2*J5) -> 0.78141321 | M5: 1 | N5: 0.9692 | O5: 773 | P5: 0 | Q5: 10 % Load curtailment ALDC Request
A6: =A5+1 -> 46115 | B6: 4631 | C6: 4028 | D6: 4243 | E6: 4230 | F6: =(IF(ISBLANK(E6),0,E6-C6))/C6 -> 0.050148957 | G6: =D6/($D$2*24) -> 0.17679167 | H6: =D6/($H$2*24) -> 0.22098958 | I6: 6.85 | J6: 5.1 | K6: =(IF(ISBLANK(J6),0,J6-I6))/I6 -> -0.25547445 | L6: =D6/($D$2*J6) -> 0.83196078 | M6: 1 | N6: 1 | O6: 0 | P6: 0
A7: =A6+1 -> 46116 | B7: 4631 | C7: 4028 | D7: 6054 | E7: 6045 | F7: =(IF(ISBLANK(E7),0,E7-C7))/C7 -> 0.50074479 | G7: =D7/($D$2*24) -> 0.25225 | H7: =D7/($H$2*24) -> 0.3153125 | I7: 6.85 | J7: 7.65 | K7: =(IF(ISBLANK(J7),0,J7-I7))/I7 -> 0.11678832 | L7: =D7/($D$2*J7) -> 0.79137255 | M7: 1 | N7: 1 | O7: 0 | P7: 0
A8: =A7+1 -> 46117 | B8: 4631 | C8: 4028 | D8: 5598 | E8: 5595 | F8: =(IF(ISBLANK(E8),0,E8-C8))/C8 -> 0.38902681 | G8: =D8/($D$2*24) -> 0.23325 | H8: =D8/($H$2*24) -> 0.2915625 | I8: 6.85 | J8: 6.89 | K8: =(IF(ISBLANK(J8),0,J8-I8))/I8 -> 0.0058394161 | L8: =D8/($D$2*J8) -> 0.81248186 | M8: 1 | N8: 0.8909 | O8: 1550 | P8: 0 | Q8: 30% Load Curtailment ALDC Request
A9: =A8+1 -> 46118 | B9: 4631 | C9: 4028 | D9: 5523 | E9: 5475 | F9: =(IF(ISBLANK(E9),0,E9-C9))/C9 -> 0.35923535 | G9: =D9/($D$2*24) -> 0.230125 | H9: =D9/($H$2*24) -> 0.28765625 | I9: 6.85 | J9: 7.18 | K9: =(IF(ISBLANK(J9),0,J9-I9))/I9 -> 0.048175182 | L9: =D9/($D$2*J9) -> 0.76922006 | M9: 1 | N9: 0.9049 | O9: 1450 | P9: 0 | Q9: 30% Load Curtailment ALDC Request
A10: =A9+1 -> 46119 | B10: 4631 | C10: 4028 | D10: 3084 | E10: 3090 | F10: =(IF(ISBLANK(E10),0,E10-C10))/C10 -> -0.23286991 | G10: =D10/($D$2*24) -> 0.1285 | H10: =D10/($H$2*24) -> 0.160625 | I10: 6.85 | J10: 5.24 | K10: =(IF(ISBLANK(J10),0,J10-I10))/I10 -> -0.2350365 | L10: =D10/($D$2*J10) -> 0.58854962 | M10: 1 | N10: 0.8056 | O10: 2932 | P10: 0 | Q10: 50% Load Curtailment ALDC Request
A11: =A10+1 -> 46120 | B11: 4631 | C11: 4028 | D11: 4100 | E11: 4080 | F11: =(IF(ISBLANK(E11),0,E11-C11))/C11 -> 0.012909633 | G11: =D11/($D$2*24) -> 0.17083333 | H11: =D11/($H$2*24) -> 0.21354167 | I11: 6.85 | J11: 6.5 | K11: =(IF(ISBLANK(J11),0,J11-I11))/I11 -> -0.051094891 | L11: =D11/($D$2*J11) -> 0.63076923 | M11: 1 | N11: 0.7611 | O11: 4793 | P11: 0 | Q11: Inv.01 & 05 Manually Off due to 50 % Load curtailment ALDC Request
A12: =A11+1 -> 46121 | B12: 4631 | C12: 4028 | D12: 4933 | E12: 4890 | F12: =(IF(ISBLANK(E12),0,E12-C12))/C12 -> 0.21400199 | G12: =D12/($D$2*24) -> 0.20554167 | H12: =D12/($H$2*24) -> 0.25692708 | I12: 6.85 | J12: 6.6 | K12: =(IF(ISBLANK(J12),0,J12-I12))/I12 -> -0.03649635 | L12: =D12/($D$2*J12) -> 0.74742424 | M12: 1 | N12: 0.9069 | O12: 2295 | P12: 0 | Q12: Inv.06,07,09,11 Manually Off due to 40 % Load curtailment ALDC Request
A13: =A12+1 -> 46122 | B13: 4631 | C13: 4028 | D13: 5408 | E13: 5400 | F13: =(IF(ISBLANK(E13),0,E13-C13))/C13 -> 0.34061569 | G13: =D13/($D$2*24) -> 0.22533333 | H13: =D13/($H$2*24) -> 0.28166667 | I13: 6.85 | J13: 7.17 | K13: =(IF(ISBLANK(J13),0,J13-I13))/I13 -> 0.046715328 | L13: =D13/($D$2*J13) -> 0.75425384 | M13: 1 | N13: 0.9486 | O13: 1185 | P13: 0 | Q13: Inv.09 & 10 Manually off due to 20 % Load curtailment ALDC Request
A14: =A13+1 -> 46123 | B14: 4631 | C14: 4028 | D14: 5561 | E14: 5565 | F14: =(IF(ISBLANK(E14),0,E14-C14))/C14 -> 0.38157895 | G14: =D14/($D$2*24) -> 0.23170833 | H14: =D14/($H$2*24) -> 0.28963542 | I14: 6.85 | J14: 7.18 | K14: =(IF(ISBLANK(J14),0,J14-I14))/I14 -> 0.048175182 | L14: =D14/($D$2*J14) -> 0.77451253 | M14: 1 | N14: 1 | O14: 0 | P14: 0
A15: =A14+1 -> 46124 | B15: 4631 | C15: 4028 | D15: 5704 | E15: 5655 | F15: =(IF(ISBLANK(E15),0,E15-C15))/C15 -> 0.40392254 | G15: =D15/($D$2*24) -> 0.23766667 | H15: =D15/($H$2*24) -> 0.29708333 | I15: 6.85 | J15: 7.12 | K15: =(IF(ISBLANK(J15),0,J15-I15))/I15 -> 0.039416058 | L15: =D15/($D$2*J15) -> 0.8011236 | M15: 1 | N15: 1 | O15: 0 | P15: 0
A16: =A15+1 -> 46125 | B16: 4631 | C16: 4028 | D16: 5590 | E16: 5580 | F16: =(IF(ISBLANK(E16),0,E16-C16))/C16 -> 0.38530288 | G16: =D16/($D$2*24) -> 0.23291667 | H16: =D16/($H$2*24) -> 0.29114583 | I16: 6.85 | J16: 6.91 | K16: =(IF(ISBLANK(J16),0,J16-I16))/I16 -> 0.0087591241 | L16: =D16/($D$2*J16) -> 0.8089725 | M16: 1 | N16: 1 | O16: 0 | P16: 0
A17: =A16+1 -> 46126 | B17: 4631 | C17: 4028 | D17: 5464 | E17: 5430 | F17: =(IF(ISBLANK(E17),0,E17-C17))/C17 -> 0.34806356 | G17: =D17/($D$2*24) -> 0.22766667 | H17: =D17/($H$2*24) -> 0.28458333 | I17: 6.85 | J17: 7.22 | K17: =(IF(ISBLANK(J17),0,J17-I17))/I17 -> 0.054014599 | L17: =D17/($D$2*J17) -> 0.7567867 | M17: 1 | N17: 0.9653 | O17: 839 | P17: 0 | Q17: Inv.09 & 10 Manually off due to 30 % Load curtailment ALDC Request
A18: =A17+1 -> 46127 | B18: 4631 | C18: 4028 | D18: 5312 | E18: 5310 | F18: =(IF(ISBLANK(E18),0,E18-C18))/C18 -> 0.3182721 | G18: =D18/($D$2*24) -> 0.22133333 | H18: =D18/($H$2*24) -> 0.27666667 | I18: 6.85 | J18: 6.97 | K18: =(IF(ISBLANK(J18),0,J18-I18))/I18 -> 0.017518248 | L18: =D18/($D$2*J18) -> 0.76212339 | M18: 1 | N18: 0.9694 | O18: 689 | P18: 0 | Q18: Inv.09 & 10 Manually off due to 30 % Load curtailment ALDC Request
A19: =A18+1 -> 46128 | B19: 4631 | C19: 4028 | D19: 5549 | E19: 5550 | F19: =(IF(ISBLANK(E19),0,E19-C19))/C19 -> 0.37785501 | G19: =D19/($D$2*24) -> 0.23120833 | H19: =D19/($H$2*24) -> 0.28901042 | I19: 6.85 | J19: 7.1 | K19: =(IF(ISBLANK(J19),0,J19-I19))/I19 -> 0.03649635 | L19: =D19/($D$2*J19) -> 0.7815493 | M19: 1 | N19: 0.9792 | O19: 476 | P19: 0 | Q19: Inv.09 & 10 Manually off due to 30 % Load curtailment ALDC Request
A20: =A19+1 -> 46129 | B20: 4631 | C20: 4028 | D20: 5554 | E20: 5550 | F20: =(IF(ISBLANK(E20),0,E20-C20))/C20 -> 0.37785501 | G20: =D20/($D$2*24) -> 0.23141667 | H20: =D20/($H$2*24) -> 0.28927083 | I20: 6.85 | J20: 7.41 | K20: =(IF(ISBLANK(J20),0,J20-I20))/I20 -> 0.081751825 | L20: =D20/($D$2*J20) -> 0.74952767 | M20: 1 | N20: 0.9542 | O20: 593 | P20: 0 | Q20: Inv.09 & 10 Manually off due to 30 % Load curtailment ALDC Request
A21: =A20+1 -> 46130 | B21: 4631 | C21: 4028 | D21: 5756 | E21: 5715 | F21: =(IF(ISBLANK(E21),0,E21-C21))/C21 -> 0.41881827 | G21: =D21/($D$2*24) -> 0.23983333 | H21: =D21/($H$2*24) -> 0.29979167 | I21: 6.85 | J21: 7.3 | K21: =(IF(ISBLANK(J21),0,J21-I21))/I21 -> 0.065693431 | L21: =D21/($D$2*J21) -> 0.78849315 | M21: 1 | N21: 0.9833 | O21: 398 | P21: 0 | Q21: Inv.10 Manually off due to 20 % Load curtailment ALDC Request
A22: =A21+1 -> 46131 | B22: 4631 | C22: 4028 | D22: 5677 | E22: 5640 | F22: =(IF(ISBLANK(E22),0,E22-C22))/C22 -> 0.40019861 | G22: =D22/($D$2*24) -> 0.23654167 | H22: =D22/($H$2*24) -> 0.29567708 | I22: 6.85 | J22: 7.19 | K22: =(IF(ISBLANK(J22),0,J22-I22))/I22 -> 0.049635036 | L22: =D22/($D$2*J22) -> 0.78956885 | M22: 1 | N22: 0.9625 | O22: 904 | P22: 0 | Q22: Inv.11 Manually off due to 20 % Load curtailment ALDC Request
A23: =A22+1 -> 46132 | B23: 4631 | C23: 4028 | D23: 5527 | E23: 5505 | F23: =(IF(ISBLANK(E23),0,E23-C23))/C23 -> 0.36668322 | G23: =D23/($D$2*24) -> 0.23029167 | H23: =D23/($H$2*24) -> 0.28786458 | I23: 6.85 | J23: 7.21 | K23: =(IF(ISBLANK(J23),0,J23-I23))/I23 -> 0.052554745 | L23: =D23/($D$2*J23) -> 0.7665742 | M23: 1 | N23: 0.9639 | O23: 887 | P23: 0 | Q23: Inv.10 & 11 Manually off due to 30 % Load curtailment ALDC Request
A24: =A23+1 -> 46133 | B24: 4631 | C24: 4028 | D24: 5633 | E24: 5610 | F24: =(IF(ISBLANK(E24),0,E24-C24))/C24 -> 0.39275074 | G24: =D24/($D$2*24) -> 0.23470833 | H24: =D24/($H$2*24) -> 0.29338542 | I24: 6.85 | J24: 7.25 | K24: =(IF(ISBLANK(J24),0,J24-I24))/I24 -> 0.058394161 | L24: =D24/($D$2*J24) -> 0.77696552 | M24: 1 | N24: 0.9639 | O24: 920 | P24: 0 | Q24: Inv.09 & 11 Manually off due to 30 % Load curtailment ALDC Request
A25: =A24+1 -> 46134 | B25: 4631 | C25: 4028 | D25: 5426 | E25: 5370 | F25: =(IF(ISBLANK(E25),0,E25-C25))/C25 -> 0.33316783 | G25: =D25/($D$2*24) -> 0.22608333 | H25: =D25/($H$2*24) -> 0.28260417 | I25: 6.85 | J25: 7.07 | K25: =(IF(ISBLANK(J25),0,J25-I25))/I25 -> 0.032116788 | L25: =D25/($D$2*J25) -> 0.76746818 | M25: 1 | N25: 0.9472 | O25: 1300 | P25: 0 | Q25: Inv.10 & 11 Manually off due to 30 % Load curtailment ALDC Request
A26: =A25+1 -> 46135 | B26: 4631 | C26: 4028 | D26: 5644 | E26: 5625 | F26: =(IF(ISBLANK(E26),0,E26-C26))/C26 -> 0.39647468 | G26: =D26/($D$2*24) -> 0.23516667 | H26: =D26/($H$2*24) -> 0.29395833 | I26: 6.85 | J26: 7.37 | K26: =(IF(ISBLANK(J26),0,J26-I26))/I26 -> 0.075912409 | L26: =D26/($D$2*J26) -> 0.76580733 | M26: 1 | N26: 0.9819 | O26: 469 | P26: 0 | Q26: Inv.11 Manually off due to 20 % Load curtailment ALDC Request
A27: =A26+1 -> 46136 | B27: 4631 | C27: 4028 | D27: 5615 | E27: 5610 | F27: =(IF(ISBLANK(E27),0,E27-C27))/C27 -> 0.39275074 | G27: =D27/($D$2*24) -> 0.23395833 | H27: =D27/($H$2*24) -> 0.29244792 | I27: 6.85 | J27: 7.25 | K27: =(IF(ISBLANK(J27),0,J27-I27))/I27 -> 0.058394161 | L27: =D27/($D$2*J27) -> 0.77448276 | M27: 1 | N27: 0.99 | O27: 257 | P27: 0 | Q27: Inv.11 Manually off due to 20 % Load curtailment ALDC Request
A28: =A27+1 -> 46137 | B28: 4631 | C28: 4028 | D28: 5623 | E28: 5625 | F28: =(IF(ISBLANK(E28),0,E28-C28))/C28 -> 0.39647468 | G28: =D28/($D$2*24) -> 0.23429167 | H28: =D28/($H$2*24) -> 0.29286458 | I28: 6.85 | J28: 7.28 | K28: =(IF(ISBLANK(J28),0,J28-I28))/I28 -> 0.062773723 | L28: =D28/($D$2*J28) -> 0.77239011 | M28: 1 | N28: 1 | O28: 0 | P28: 0
A29: =A28+1 -> 46138 | B29: 4631 | C29: 4028 | D29: 5739 | E29: 5700 | F29: =(IF(ISBLANK(E29),0,E29-C29))/C29 -> 0.41509434 | G29: =D29/($D$2*24) -> 0.239125 | H29: =D29/($H$2*24) -> 0.29890625 | I29: 6.85 | J29: 7.11 | K29: =(IF(ISBLANK(J29),0,J29-I29))/I29 -> 0.037956204 | L29: =D29/($D$2*J29) -> 0.807173 | M29: 1 | N29: 1 | O29: 0 | P29: 0
A30: =A29+1 -> 46139 | B30: 4631 | C30: 4028 | F30: =(IF(ISBLANK(E30),0,E30-C30))/C30 -> 0 | G30: =D30/($D$2*24) -> 0 | H30: =D30/($H$2*24) -> 0 | I30: 6.85 | K30: =(IF(ISBLANK(J30),0,J30-I30))/I30 -> 0 | L30: =D30/($D$2*J30) -> #DIV/0!
A31: =A30+1 -> 46140 | B31: 4631 | C31: 4028 | F31: =(IF(ISBLANK(E31),0,E31-C31))/C31 -> 0 | G31: =D31/($D$2*24) -> 0 | H31: =D31/($H$2*24) -> 0 | I31: 6.85 | K31: =(IF(ISBLANK(J31),0,J31-I31))/I31 -> 0 | L31: =D31/($D$2*J31) -> #DIV/0!
A32: =A31+1 -> 46141 | B32: 4631 | C32: 4028 | F32: =(IF(ISBLANK(E32),0,E32-C32))/C32 -> 0 | G32: =D32/($D$2*24) -> 0 | H32: =D32/($H$2*24) -> 0 | I32: 6.85 | K32: =(IF(ISBLANK(J32),0,J32-I32))/I32 -> 0 | L32: =D32/($D$2*J32) -> #DIV/0!
A33: =A32+1 -> 46142 | B33: 4631 | C33: 4028 | F33: =(IF(ISBLANK(E33),0,E33-C33))/C33 -> 0 | G33: =D33/($D$2*24) -> 0 | H33: =D33/($H$2*24) -> 0 | I33: 6.85 | K33: =(IF(ISBLANK(J33),0,J33-I33))/I33 -> 0 | L33: =D33/($D$2*J33) -> #DIV/0!
A34: 46113 | B34: =SUM(B4:B33) -> 138930 | C34: =SUM(C4:C33) -> 120840 | D34: =SUM(D4:D33) -> 138578 | E34: =SUM(E4:E33) -> 138075 | F34: =(IF(ISBLANK(E34),0,E34-C34))/C34 -> 0.14262661 | G34: =AVERAGE(G4:G33) -> 0.19246944 | H34: =AVERAGE(H4:H33) -> 0.24058681 | I34: =SUM(I4:I33) -> 205.5 | J34: =SUM(J4:J33) -> 180.56 | K34: =(IF(ISBLANK(J34),0,J34-I34))/I34 -> -0.12136253 | L34: =D34/($D$2*J34) -> 0.76749003 | M34: =AVERAGE(M4:M33) -> 1 | N34: =AVERAGE(N4:N33) -> 0.95355385 | O34: =SUM(O4:O33) -> 24137 | P34: =SUM(P4:P33) -> 0
A35: 46143 | F35: =(IF(ISBLANK(E35),0,E35-C35))/C35 -> #DIV/0! | G35: =D35/($D$2*24) -> 0 | H35: =D35/($H$2*24) -> 0 | K35: =(IF(ISBLANK(J35),0,J35-I35))/I35 -> #DIV/0! | L35: =D35/($D$2*J35) -> #DIV/0!
A36: =A35+1 -> 46144 | F36: =(IF(ISBLANK(E36),0,E36-C36))/C36 -> #DIV/0! | G36: =D36/($D$2*24) -> 0 | H36: =D36/($H$2*24) -> 0 | K36: =(IF(ISBLANK(J36),0,J36-I36))/I36 -> #DIV/0! | L36: =D36/($D$2*J36) -> #DIV/0!
A37: =A36+1 -> 46145 | F37: =(IF(ISBLANK(E37),0,E37-C37))/C37 -> #DIV/0! | G37: =D37/($D$2*24) -> 0 | H37: =D37/($H$2*24) -> 0 | K37: =(IF(ISBLANK(J37),0,J37-I37))/I37 -> #DIV/0! | L37: =D37/($D$2*J37) -> #DIV/0!
A38: =A37+1 -> 46146 | F38: =(IF(ISBLANK(E38),0,E38-C38))/C38 -> #DIV/0! | G38: =D38/($D$2*24) -> 0 | H38: =D38/($H$2*24) -> 0 | K38: =(IF(ISBLANK(J38),0,J38-I38))/I38 -> #DIV/0! | L38: =D38/($D$2*J38) -> #DIV/0!
A39: =A38+1 -> 46147 | F39: =(IF(ISBLANK(E39),0,E39-C39))/C39 -> #DIV/0! | G39: =D39/($D$2*24) -> 0 | H39: =D39/($H$2*24) -> 0 | K39: =(IF(ISBLANK(J39),0,J39-I39))/I39 -> #DIV/0! | L39: =D39/($D$2*J39) -> #DIV/0!
A40: =A39+1 -> 46148 | F40: =(IF(ISBLANK(E40),0,E40-C40))/C40 -> #DIV/0! | G40: =D40/($D$2*24) -> 0 | H40: =D40/($H$2*24) -> 0 | K40: =(IF(ISBLANK(J40),0,J40-I40))/I40 -> #DIV/0! | L40: =D40/($D$2*J40) -> #DIV/0!
A41: =A40+1 -> 46149 | F41: =(IF(ISBLANK(E41),0,E41-C41))/C41 -> #DIV/0! | G41: =D41/($D$2*24) -> 0 | H41: =D41/($H$2*24) -> 0 | K41: =(IF(ISBLANK(J41),0,J41-I41))/I41 -> #DIV/0! | L41: =D41/($D$2*J41) -> #DIV/0!
A42: =A41+1 -> 46150 | F42: =(IF(ISBLANK(E42),0,E42-C42))/C42 -> #DIV/0! | G42: =D42/($D$2*24) -> 0 | H42: =D42/($H$2*24) -> 0 | K42: =(IF(ISBLANK(J42),0,J42-I42))/I42 -> #DIV/0! | L42: =D42/($D$2*J42) -> #DIV/0!
A43: =A42+1 -> 46151 | F43: =(IF(ISBLANK(E43),0,E43-C43))/C43 -> #DIV/0! | G43: =D43/($D$2*24) -> 0 | H43: =D43/($H$2*24) -> 0 | K43: =(IF(ISBLANK(J43),0,J43-I43))/I43 -> #DIV/0! | L43: =D43/($D$2*J43) -> #DIV/0!
A44: =A43+1 -> 46152 | F44: =(IF(ISBLANK(E44),0,E44-C44))/C44 -> #DIV/0! | G44: =D44/($D$2*24) -> 0 | H44: =D44/($H$2*24) -> 0 | K44: =(IF(ISBLANK(J44),0,J44-I44))/I44 -> #DIV/0! | L44: =D44/($D$2*J44) -> #DIV/0!
A45: =A44+1 -> 46153 | F45: =(IF(ISBLANK(E45),0,E45-C45))/C45 -> #DIV/0! | G45: =D45/($D$2*24) -> 0 | H45: =D45/($H$2*24) -> 0 | K45: =(IF(ISBLANK(J45),0,J45-I45))/I45 -> #DIV/0! | L45: =D45/($D$2*J45) -> #DIV/0!
A46: =A45+1 -> 46154 | F46: =(IF(ISBLANK(E46),0,E46-C46))/C46 -> #DIV/0! | G46: =D46/($D$2*24) -> 0 | H46: =D46/($H$2*24) -> 0 | K46: =(IF(ISBLANK(J46),0,J46-I46))/I46 -> #DIV/0! | L46: =D46/($D$2*J46) -> #DIV/0!
A47: =A46+1 -> 46155 | F47: =(IF(ISBLANK(E47),0,E47-C47))/C47 -> #DIV/0! | G47: =D47/($D$2*24) -> 0 | H47: =D47/($H$2*24) -> 0 | K47: =(IF(ISBLANK(J47),0,J47-I47))/I47 -> #DIV/0! | L47: =D47/($D$2*J47) -> #DIV/0!
... A65: =A64+1 -> 46173 | F65: =(IF(ISBLANK(E65),0,E65-C65))/C65 -> #DIV/0! | G65: =D65/($D$2*24) -> 0 | H65: =D65/($H$2*24) -> 0 | K65: =(IF(ISBLANK(J65),0,J65-I65))/I65 -> #DIV/0! | L65: =D65/($D$2*J65) -> #DIV/0!
A66: 46143 | B66: =SUM(B35:B65) -> 0 | C66: =SUM(C35:C65) -> 0 | D66: =SUM(D35:D65) -> 0 | E66: =SUM(E35:E65) -> 0 | F66: =(IF(ISBLANK(E66),0,E66-C66))/C66 -> #DIV/0! | G66: =AVERAGE(G35:G65) -> 0 | H66: =AVERAGE(H35:H65) -> 0 | I66: =SUM(I35:I65) -> 0 | J66: =SUM(J35:J65) -> 0 | K66: =(IF(ISBLANK(J66),0,J66-I66))/I66 -> #DIV/0! | L66: =D66/($D$2*J66) -> #DIV/0! | M66: =AVERAGE(M35:M65) -> #DIV/0! | N66: =AVERAGE(N35:N66) -> 0 | O66: =SUM(O35:O65) -> 0 | P66: =SUM(P35:P65) -> 0

Sheet Kiran
A1: Generation Details_Kiran Renewables_Nani Chandur_GJ.
A2: 46113 | B2: DC Capacity (kWp): | D2: 2900 | E2: AC capacity (kWp): | H2: 2200 | I2: COD : | K2: 44146
A3: Month | B3: Expected Generation | C3: Guaranteed Generation (kWh) | D3: Inverter Generation (kWh) | E3: ABT Meter Generation at Plant End (kWh) | F3: Generation difference (KWh) | G3: DC-CUF | H3: AC-CUF | I3: Pvsyst Irradiation (kWh/m2) | J3: Actual Irradiation (kWh/m2) | K3: Radiation Difference (KWh/m2) | L3: PR | M3: Plant Availability | N3: Grid Availability | O3: Losses due to Grid Unavailability | P3: Losses due to Plant Unavailability | Q3: Remarks
A4: =A2 -> 46113 | B4: 15593 | C4: 13159 | D4: 14660 | E4: 14440 | F4: =(IF(ISBLANK(E4),0,E4-C4))/C4 -> 0.097347823 | G4: =D4/($D$2*24) -> 0.21063218 | H4: =D4/($H$2*24) -> 0.27765152 | I4: 6.84 | J4: 6.78 | K4: =(IF(ISBLANK(J4),0,J4-I4))/I4 -> -0.0087719298 | L4: =D4/($D$2*J4) -> 0.74560065 | M4: 1 | N4: 0.9444 | O4: 1427 | P4: 0 | Q4: 20 % Load curtailment ALDC Request
A5: =A4+1 -> 46114 | B5: 15593 | C5: 13159 | D5: 14649 | E5: 14480 | F5: =(IF(ISBLANK(E5),0,E5-C5))/C5 -> 0.10038757 | G5: =D5/($D$2*24) -> 0.21047414 | H5: =D5/($H$2*24) -> 0.27744318 | I5: 6.84 | J5: 6.51 | K5: =(IF(ISBLANK(J5),0,J5-I5))/I5 -> -0.048245614 | L5: =D5/($D$2*J5) -> 0.77594152 | M5: 1 | N5: 0.9692 | O5: 773 | P5: 0 | Q5: 10 % Load curtailment ALDC Request
A6: =A5+1 -> 46115 | B6: 15593 | C6: 13159 | D6: 11115 | E6: 11080 | F6: =(IF(ISBLANK(E6),0,E6-C6))/C6 -> -0.15799073 | G6: =D6/($D$2*24) -> 0.15969828 | H6: =D6/($H$2*24) -> 0.21051136 | I6: 6.84 | J6: 5.1 | K6: =(IF(ISBLANK(J6),0,J6-I6))/I6 -> -0.25438596 | L6: =D6/($D$2*J6) -> 0.7515213 | M6: 1 | N6: 1 | O6: 0 | P6: 0
A7: =A6+1 -> 46116 | B7: 15593 | C7: 13159 | D7: 17322 | E7: 17240 | F7: =(IF(ISBLANK(E7),0,E7-C7))/C7 -> 0.31012995 | G7: =D7/($D$2*24) -> 0.24887931 | H7: =D7/($H$2*24) -> 0.32806818 | I7: 6.84 | J7: 7.65 | K7: =(IF(ISBLANK(J7),0,J7-I7))/I7 -> 0.11842105 | L7: =D7/($D$2*J7) -> 0.78079784 | M7: 1 | N7: 1 | O7: 0 | P7: 0
A8: =A7+1 -> 46117 | B8: 15593 | C8: 13159 | D8: 15408 | E8: 15240 | F8: =(IF(ISBLANK(E8),0,E8-C8))/C8 -> 0.15814272 | G8: =D8/($D$2*24) -> 0.22137931 | H8: =D8/($H$2*24) -> 0.29181818 | I8: 6.84 | J8: 6.89 | K8: =(IF(ISBLANK(J8),0,J8-I8))/I8 -> 0.0073099415 | L8: =D8/($D$2*J8) -> 0.77113258 | M8: 1 | N8: 0.8909 | O8: 1550 | P8: 0 | Q8: 30% Load Curtailment ALDC Request
A9: =A8+1 -> 46118 | B9: 15593 | C9: 13159 | D9: 16129 | E9: 15840 | F9: =(IF(ISBLANK(E9),0,E9-C9))/C9 -> 0.20373889 | G9: =D9/($D$2*24) -> 0.23173851 | H9: =D9/($H$2*24) -> 0.30547348 | I9: 6.84 | J9: 7.18 | K9: =(IF(ISBLANK(J9),0,J9-I9))/I9 -> 0.049707602 | L9: =D9/($D$2*J9) -> 0.77461339 | M9: 1 | N9: 0.9049 | O9: 1450 | P9: 0 | Q9: 30% Load Curtailment ALDC Request
A10: =A9+1 -> 46119 | B10: 15593 | C10: 13159 | D10: 9674 | E10: 9600 | F10: =(IF(ISBLANK(E10),0,E10-C10))/C10 -> -0.27046128 | G10: =D10/($D$2*24) -> 0.13899425 | H10: =D10/($H$2*24) -> 0.1832197 | I10: 6.84 | J10: 5.24 | K10: =(IF(ISBLANK(J10),0,J10-I10))/I10 -> -0.23391813 | L10: =D10/($D$2*J10) -> 0.6366149 | M10: 1 | N10: 0.8056 | O10: 2932 | P10: 0 | Q10: 50% Load Curtailment ALDC Request
A11: =A10+1 -> 46120 | B11: 15593 | C11: 13159 | D11: 10865 | E11: 10560 | F11: =(IF(ISBLANK(E11),0,E11-C11))/C11 -> -0.19750741 | G11: =D11/($D$2*24) -> 0.15610632 | H11: =D11/($H$2*24) -> 0.20577652 | I11: 6.84 | J11: 6.5 | K11: =(IF(ISBLANK(J11),0,J11-I11))/I11 -> -0.049707602 | L11: =D11/($D$2*J11) -> 0.57639257 | M11: 1 | N11: 0.7611 | O11: 4793 | P11: 0 | Q11: Inv.01 & 05 Manually Off due to 50 % Load curtailment ALDC Request
A12: =A11+1 -> 46121 | B12: 15593 | C12: 13159 | D12: 14574 | E12: 14200 | F12: =(IF(ISBLANK(E12),0,E12-C12))/C12 -> 0.079109355 | G12: =D12/($D$2*24) -> 0.20939655 | H12: =D12/($H$2*24) -> 0.27602273 | I12: 6.84 | J12: 6.6 | K12: =(IF(ISBLANK(J12),0,J12-I12))/I12 -> -0.035087719 | L12: =D12/($D$2*J12) -> 0.76144201 | M12: 1 | N12: 0.9069 | O12: 2295 | P12: 0 | Q12: Inv.06,07,09,11 Manually Off due to 40 % Load curtailment ALDC Request
A13: =A12+1 -> 46122 | B13: 15593 | C13: 13159 | D13: 15195 | E13: 14960 | F13: =(IF(ISBLANK(E13),0,E13-C13))/C13 -> 0.1368645 | G13: =D13/($D$2*24) -> 0.21831897 | H13: =D13/($H$2*24) -> 0.28778409 | I13: 6.84 | J13: 7.17 | K13: =(IF(ISBLANK(J13),0,J13-I13))/I13 -> 0.048245614 | L13: =D13/($D$2*J13) -> 0.73077478 | M13: 1 | N13: 0.9486 | O13: 1185 | P13: 0 | Q13: Inv.09 & 10 Manually off due to 20 % Load curtailment ALDC Request
A14: =A13+1 -> 46123 | B14: 15593 | C14: 13159 | D14: 16159 | E14: 16000 | F14: =(IF(ISBLANK(E14),0,E14-C14))/C14 -> 0.21589786 | G14: =D14/($D$2*24) -> 0.23216954 | H14: =D14/($H$2*24) -> 0.30604167 | I14: 6.84 | J14: 7.18 | K14: =(IF(ISBLANK(J14),0,J14-I14))/I14 -> 0.049707602 | L14: =D14/($D$2*J14) -> 0.77605417 | M14: 1 | N14: 1 | O14: 0 | P14: 0
A15: =A14+1 -> 46124 | B15: 15593 | C15: 13159 | D15: 16572 | E15: 16280 | F15: =(IF(ISBLANK(E15),0,E15-C15))/C15 -> 0.23717608 | G15: =D15/($D$2*24) -> 0.23810345 | H15: =D15/($H$2*24) -> 0.31386364 | I15: 6.84 | J15: 7.12 | K15: =(IF(ISBLANK(J15),0,J15-I15))/I15 -> 0.040935673 | L15: =D15/($D$2*J15) -> 0.80259589 | M15: 1 | N15: 1 | O15: 0 | P15: 0
A16: =A15+1 -> 46125 | B16: 15593 | C16: 13159 | D16: 16323 | E16: 16080 | F16: =(IF(ISBLANK(E16),0,E16-C16))/C16 -> 0.22197735 | G16: =D16/($D$2*24) -> 0.23452586 | H16: =D16/($H$2*24) -> 0.30914773 | I16: 6.84 | J16: 6.91 | K16: =(IF(ISBLANK(J16),0,J16-I16))/I16 -> 0.010233918 | L16: =D16/($D$2*J16) -> 0.8145616 | M16: 1 | N16: 1 | O16: 0 | P16: 0
A17: =A16+1 -> 46126 | B17: 15593 | C17: 13159 | D17: 16277 | E17: 16080 | F17: =(IF(ISBLANK(E17),0,E17-C17))/C17 -> 0.22197735 | G17: =D17/($D$2*24) -> 0.23386494 | H17: =D17/($H$2*24) -> 0.30827652 | I17: 6.84 | J17: 7.22 | K17: =(IF(ISBLANK(J17),0,J17-I17))/I17 -> 0.055555556 | L17: =D17/($D$2*J17) -> 0.77739039 | M17: 1 | N17: 0.9653 | O17: 839 | P17: 0 | Q17: Inv.09 & 10 Manually off due to 30 % Load curtailment ALDC Request
A18: =A17+1 -> 46127 | B18: 15593 | C18: 13159 | D18: 15834 | E18: 15560 | F18: =(IF(ISBLANK(E18),0,E18-C18))/C18 -> 0.18246067 | G18: =D18/($D$2*24) -> 0.2275 | H18: =D18/($H$2*24) -> 0.29988636 | I18: 6.84 | J18: 6.97 | K18: =(IF(ISBLANK(J18),0,J18-I18))/I18 -> 0.019005848 | L18: =D18/($D$2*J18) -> 0.78335725 | M18: 1 | N18: 0.9694 | O18: 689 | P18: 0 | Q18: Inv.09 & 10 Manually off due to 30 % Load curtailment ALDC Request
A19: =A18+1 -> 46128 | B19: 15593 | C19: 13159 | D19: 16538 | E19: 16280 | F19: =(IF(ISBLANK(E19),0,E19-C19))/C19 -> 0.23717608 | G19: =D19/($D$2*24) -> 0.23761494 | H19: =D19/($H$2*24) -> 0.3132197 | I19: 6.84 | J19: 7.1 | K19: =(IF(ISBLANK(J19),0,J19-I19))/I19 -> 0.038011696 | L19: =D19/($D$2*J19) -> 0.80320544 | M19: 1 | N19: 0.9792 | O19: 476 | P19: 0 | Q19: Inv.09 & 10 Manually off due to 30 % Load curtailment ALDC Request
A20: =A19+1 -> 46129 | B20: 15593 | C20: 13159 | D20: 15940 | E20: 15720 | F20: =(IF(ISBLANK(E20),0,E20-C20))/C20 -> 0.19461965 | G20: =D20/($D$2*24) -> 0.22902299 | H20: =D20/($H$2*24) -> 0.30189394 | I20: 6.84 | J20: 7.41 | K20: =(IF(ISBLANK(J20),0,J20-I20))/I20 -> 0.083333333 | L20: =D20/($D$2*J20) -> 0.74177486 | M20: 1 | N20: 0.9542 | O20: 593 | P20: 0 | Q20: Inv.09 & 10 Manually off due to 30 % Load curtailment ALDC Request
A21: =A20+1 -> 46130 | B21: 15593 | C21: 13159 | D21: 17005 | E21: 16680 | F21: =(IF(ISBLANK(E21),0,E21-C21))/C21 -> 0.26757352 | G21: =D21/($D$2*24) -> 0.24432471 | H21: =D21/($H$2*24) -> 0.32206439 | I21: 6.84 | J21: 7.3 | K21: =(IF(ISBLANK(J21),0,J21-I21))/I21 -> 0.067251462 | L21: =D21/($D$2*J21) -> 0.80325933 | M21: 1 | N21: 0.9833 | O21: 398 | P21: 0 | Q21: Inv.10 Manually off due to 20 % Load curtailment ALDC Request
A22: =A21+1 -> 46131 | B22: 15593 | C22: 13159 | D22: 16400 | E22: 16200 | F22: =(IF(ISBLANK(E22),0,E22-C22))/C22 -> 0.23109659 | G22: =D22/($D$2*24) -> 0.23563218 | H22: =D22/($H$2*24) -> 0.31060606 | I22: 6.84 | J22: 7.19 | K22: =(IF(ISBLANK(J22),0,J22-I22))/I22 -> 0.051169591 | L22: =D22/($D$2*J22) -> 0.78653302 | M22: 1 | N22: 0.9625 | O22: 904 | P22: 0 | Q22: Inv.11 Manually off due to 20 % Load curtailment ALDC Request
A23: =A22+1 -> 46132 | B23: 15593 | C23: 13159 | D23: 16457 | E23: 16200 | F23: =(IF(ISBLANK(E23),0,E23-C23))/C23 -> 0.23109659 | G23: =D23/($D$2*24) -> 0.23645115 | H23: =D23/($H$2*24) -> 0.31168561 | I23: 6.84 | J23: 7.21 | K23: =(IF(ISBLANK(J23),0,J23-I23))/I23 -> 0.054093567 | L23: =D23/($D$2*J23) -> 0.78707734 | M23: 1 | N23: 0.9639 | O23: 887 | P23: 0 | Q23: Inv.10 & 11 Manually off due to 30 % Load curtailment ALDC Request
A24: =A23+1 -> 46133 | B24: 15593 | C24: 13159 | D24: 16634 | E24: 16360 | F24: =(IF(ISBLANK(E24),0,E24-C24))/C24 -> 0.24325557 | G24: =D24/($D$2*24) -> 0.23899425 | H24: =D24/($H$2*24) -> 0.31503788 | I24: 6.84 | J24: 7.25 | K24: =(IF(ISBLANK(J24),0,J24-I24))/I24 -> 0.05994152 | L24: =D24/($D$2*J24) -> 0.79115339 | M24: 1 | N24: 0.9639 | O24: 920 | P24: 0 | Q24: Inv.09 & 11 Manually off due to 30 % Load curtailment ALDC Request
A25: =A24+1 -> 46134 | B25: 15593 | C25: 13159 | D25: 16213 | E25: 16080 | F25: =(IF(ISBLANK(E25),0,E25-C25))/C25 -> 0.22197735 | G25: =D25/($D$2*24) -> 0.2329454 | H25: =D25/($H$2*24) -> 0.30706439 | I25: 6.84 | J25: 7.07 | K25: =(IF(ISBLANK(J25),0,J25-I25))/I25 -> 0.033625731 | L25: =D25/($D$2*J25) -> 0.79076233 | M25: 1 | N25: 0.9472 | O25: 1300 | P25: 0 | Q25: Inv.10 & 11 Manually off due to 30 % Load curtailment ALDC Request
A26: =A25+1 -> 46135 | B26: 15593 | C26: 13159 | D26: 16519 | E26: 16480 | F26: =(IF(ISBLANK(E26),0,E26-C26))/C26 -> 0.2523748 | G26: =D26/($D$2*24) -> 0.23734195 | H26: =D26/($H$2*24) -> 0.31285985 | I26: 6.84 | J26: 7.37 | K26: =(IF(ISBLANK(J26),0,J26-I26))/I26 -> 0.07748538 | L26: =D26/($D$2*J26) -> 0.77289103 | M26: 1 | N26: 0.9819 | O26: 469 | P26: 0 | Q26: Inv.11 Manually off due to 20 % Load curtailment ALDC Request
A27: =A26+1 -> 46136 | B27: 15593 | C27: 13159 | D27: 16689 | E27: 16440 | F27: =(IF(ISBLANK(E27),0,E27-C27))/C27 -> 0.24933506 | G27: =D27/($D$2*24) -> 0.23978448 | H27: =D27/($H$2*24) -> 0.31607955 | I27: 6.84 | J27: 7.25 | K27: =(IF(ISBLANK(J27),0,J27-I27))/I27 -> 0.05994152 | L27: =D27/($D$2*J27) -> 0.79376932 | M27: 1 | N27: 0.99 | O27: 257 | P27: 0 | Q27: Inv.11 Manually off due to 20 % Load curtailment ALDC Request
A28: =A27+1 -> 46137 | B28: 15593 | C28: 13159 | D28: 16661 | E28: 16480 | F28: =(IF(ISBLANK(E28),0,E28-C28))/C28 -> 0.2523748 | G28: =D28/($D$2*24) -> 0.23938218 | H28: =D28/($H$2*24) -> 0.31554924 | I28: 6.84 | J28: 7.28 | K28: =(IF(ISBLANK(J28),0,J28-I28))/I28 -> 0.064327485 | L28: =D28/($D$2*J28) -> 0.78917203 | M28: 1 | N28: 1 | O28: 0 | P28: 0
A29: =A28+1 -> 46138 | B29: 15593 | C29: 13159 | D29: 16982 | E29: 16720 | F29: =(IF(ISBLANK(E29),0,E29-C29))/C29 -> 0.27061327 | G29: =D29/($D$2*24) -> 0.24399425 | H29: =D29/($H$2*24) -> 0.32162879 | I29: 6.84 | J29: 7.11 | K29: =(IF(ISBLANK(J29),0,J29-I29))/I29 -> 0.039473684 | L29: =D29/($D$2*J29) -> 0.82360929 | M29: 1 | N29: 1 | O29: 0 | P29: 0
A30: =A29+1 -> 46139 | B30: 15593 | C30: 13159 | F30: =(IF(ISBLANK(E30),0,E30-C30))/C30 -> 0 | G30: =D30/($D$2*24) -> 0 | H30: =D30/($H$2*24) -> 0 | I30: 6.84 | K30: =(IF(ISBLANK(J30),0,J30-I30))/I30 -> 0 | L30: =D30/($D$2*J30) -> #DIV/0!
A31: =A30+1 -> 46140 | B31: 15593 | C31: 13159 | F31: =(IF(ISBLANK(E31),0,E31-C31))/C31 -> 0 | G31: =D31/($D$2*24) -> 0 | H31: =D31/($H$2*24) -> 0 | I31: 6.84 | K31: =(IF(ISBLANK(J31),0,J31-I31))/I31 -> 0 | L31: =D31/($D$2*J31) -> #DIV/0!
A32: =A31+1 -> 46141 | B32: 15593 | C32: 13159 | F32: =(IF(ISBLANK(E32),0,E32-C32))/C32 -> 0 | G32: =D32/($D$2*24) -> 0 | H32: =D32/($H$2*24) -> 0 | I32: 6.84 | K32: =(IF(ISBLANK(J32),0,J32-I32))/I32 -> 0 | L32: =D32/($D$2*J32) -> #DIV/0!
A33: =A32+1 -> 46142 | B33: 15593 | C33: 13159 | F33: =(IF(ISBLANK(E33),0,E33-C33))/C33 -> 0 | G33: =D33/($D$2*24) -> 0 | H33: =D33/($H$2*24) -> 0 | I33: 6.84 | K33: =(IF(ISBLANK(J33),0,J33-I33))/I33 -> 0 | L33: =D33/($D$2*J33) -> #DIV/0!
A34: 46113 | B34: =SUM(B4:B33) -> 467790 | C34: =SUM(C4:C33) -> 394770 | D34: =SUM(D4:D33) -> 402794 | E34: =SUM(E4:E33) -> 397280 | F34: =(IF(ISBLANK(E34),0,E34-C34))/C34 -> 0.0063581326 | G34: =AVERAGE(G4:G33) -> 0.192909 | H34: =AVERAGE(H4:H33) -> 0.25428914 | I34: =SUM(I4:I33) -> 205.2 | J34: =SUM(J4:J33) -> 180.56 | K34: =(IF(ISBLANK(J34),0,J34-I34))/I34 -> -0.12007797 | L34: =D34/($D$2*J34) -> 0.76924282 | M34: =AVERAGE(M4:M33) -> 1 | N34: =AVERAGE(N4:N33) -> 0.95355385 | O34: =SUM(O4:O33) -> 24137 | P34: =SUM(P4:P33) -> 0
A35: 46143 | F35: =(IF(ISBLANK(E35),0,E35-C35))/C35 -> #DIV/0! | G35: =D35/($D$2*24) -> 0 | H35: =D35/($H$2*24) -> 0 | K35: =(IF(ISBLANK(J35),0,J35-I35))/I35 -> #DIV/0! | L35: =D35/($D$2*J35) -> #DIV/0!
A36: =A35+1 -> 46144 | F36: =(IF(ISBLANK(E36),0,E36-C36))/C36 -> #DIV/0! | G36: =D36/($D$2*24) -> 0 | H36: =D36/($H$2*24) -> 0 | K36: =(IF(ISBLANK(J36),0,J36-I36))/I36 -> #DIV/0! | L36: =D36/($D$2*J36) -> #DIV/0!
A37: =A36+1 -> 46145 | F37: =(IF(ISBLANK(E37),0,E37-C37))/C37 -> #DIV/0! | G37: =D37/($D$2*24) -> 0 | H37: =D37/($H$2*24) -> 0 | K37: =(IF(ISBLANK(J37),0,J37-I37))/I37 -> #DIV/0! | L37: =D37/($D$2*J37) -> #DIV/0!
A38: =A37+1 -> 46146 | F38: =(IF(ISBLANK(E38),0,E38-C38))/C38 -> #DIV/0! | G38: =D38/($D$2*24) -> 0 | H38: =D38/($H$2*24) -> 0 | K38: =(IF(ISBLANK(J38),0,J38-I38))/I38 -> #DIV/0! | L38: =D38/($D$2*J38) -> #DIV/0!
A39: =A38+1 -> 46147 | F39: =(IF(ISBLANK(E39),0,E39-C39))/C39 -> #DIV/0! | G39: =D39/($D$2*24) -> 0 | H39: =D39/($H$2*24) -> 0 | K39: =(IF(ISBLANK(J39),0,J39-I39))/I39 -> #DIV/0! | L39: =D39/($D$2*J39) -> #DIV/0!
A40: =A39+1 -> 46148 | F40: =(IF(ISBLANK(E40),0,E40-C40))/C40 -> #DIV/0! | G40: =D40/($D$2*24) -> 0 | H40: =D40/($H$2*24) -> 0 | K40: =(IF(ISBLANK(J40),0,J40-I40))/I40 -> #DIV/0! | L40: =D40/($D$2*J40) -> #DIV/0!
A41: =A40+1 -> 46149 | F41: =(IF(ISBLANK(E41),0,E41-C41))/C41 -> #DIV/0! | G41: =D41/($D$2*24) -> 0 | H41: =D41/($H$2*24) -> 0 | K41: =(IF(ISBLANK(J41),0,J41-I41))/I41 -> #DIV/0! | L41: =D41/($D$2*J41) -> #DIV/0!
A42: =A41+1 -> 46150 | F42: =(IF(ISBLANK(E42),0,E42-C42))/C42 -> #DIV/0! | G42: =D42/($D$2*24) -> 0 | H42: =D42/($H$2*24) -> 0 | K42: =(IF(ISBLANK(J42),0,J42-I42))/I42 -> #DIV/0! | L42: =D42/($D$2*J42) -> #DIV/0!
A43: =A42+1 -> 46151 | F43: =(IF(ISBLANK(E43),0,E43-C43))/C43 -> #DIV/0! | G43: =D43/($D$2*24) -> 0 | H43: =D43/($H$2*24) -> 0 | K43: =(IF(ISBLANK(J43),0,J43-I43))/I43 -> #DIV/0! | L43: =D43/($D$2*J43) -> #DIV/0!
A44: =A43+1 -> 46152 | F44: =(IF(ISBLANK(E44),0,E44-C44))/C44 -> #DIV/0! | G44: =D44/($D$2*24) -> 0 | H44: =D44/($H$2*24) -> 0 | K44: =(IF(ISBLANK(J44),0,J44-I44))/I44 -> #DIV/0! | L44: =D44/($D$2*J44) -> #DIV/0!
A45: =A44+1 -> 46153 | F45: =(IF(ISBLANK(E45),0,E45-C45))/C45 -> #DIV/0! | G45: =D45/($D$2*24) -> 0 | H45: =D45/($H$2*24) -> 0 | K45: =(IF(ISBLANK(J45),0,J45-I45))/I45 -> #DIV/0! | L45: =D45/($D$2*J45) -> #DIV/0!
A46: =A45+1 -> 46154 | F46: =(IF(ISBLANK(E46),0,E46-C46))/C46 -> #DIV/0! | G46: =D46/($D$2*24) -> 0 | H46: =D46/($H$2*24) -> 0 | K46: =(IF(ISBLANK(J46),0,J46-I46))/I46 -> #DIV/0! | L46: =D46/($D$2*J46) -> #DIV/0!
A47: =A46+1 -> 46155 | F47: =(IF(ISBLANK(E47),0,E47-C47))/C47 -> #DIV/0! | G47: =D47/($D$2*24) -> 0 | H47: =D47/($H$2*24) -> 0 | K47: =(IF(ISBLANK(J47),0,J47-I47))/I47 -> #DIV/0! | L47: =D47/($D$2*J47) -> #DIV/0!
... A65: =A64+1 -> 46173 | F65: =(IF(ISBLANK(E65),0,E65-C65))/C65 -> #DIV/0! | G65: =D65/($D$2*24) -> 0 | H65: =D65/($H$2*24) -> 0 | K65: =(IF(ISBLANK(J65),0,J65-I65))/I65 -> #DIV/0! | L65: =D65/($D$2*J65) -> #DIV/0!
A66: 46143 | B66: =SUM(B35:B65) -> 0 | C66: =SUM(C35:C65) -> 0 | D66: =SUM(D35:D65) -> 0 | E66: =SUM(E35:E65) -> 0 | F66: =(IF(ISBLANK(E66),0,E66-C66))/C66 -> #DIV/0! | G66: =AVERAGE(G35:G65) -> 0 | H66: =AVERAGE(H35:H65) -> 0 | I66: =SUM(I35:I65) -> 0 | J66: =SUM(J35:J65) -> 0 | K66: =(IF(ISBLANK(J66),0,J66-I66))/I66 -> #DIV/0! | L66: =D66/($D$2*J66) -> #DIV/0! | M66: =AVERAGE(M35:M65) -> #DIV/0! | N66: =AVERAGE(N35:N64) -> #DIV/0! | O66: =SUM(O35:O65) -> 0 | P66: =SUM(P35:P65) -> 0

Sheet Centenary
A1: Generation Details_Centenary_Polytex_Nani_chandur_GJ.
A2: 46113 | B2: DC Capacity (kWp): | D2: 1343 | E2: AC capacity (kWp): | H2: 1125 | I2: COD : | K2: 45381
A3: Month | B3: Expected Generation | C3: Guaranteed Generation (kWh) | D3: Inverter Generation (kWh) | E3: ABT Meter Generation at Plant End (kWh) | F3: Generation difference (KWh) | G3: DC-CUF | H3: AC-CUF | I3: Pvsyst Irradiation (kWh/m2) | J3: Actual Irradiation (kWh/m2) | K3: Radiation Difference (KWh/m2) | L3: PR | M3: Plant Availability | N3: Grid Availability | O3: Losses due to Grid Unavailability | P3: Losses due to Plant Unavailability | Q3: Remarks
A4: =A2 -> 46113 | B4: 8261 | C4: 6623 | D4: 7076 | E4: 6930 | F4: =(IF(ISBLANK(E4),0,E4-C4))/C4 -> 0.046353616 | G4: =D4/($D$2*24) -> 0.21953338 | H4: =D4/($H$2*24) -> 0.26207407 | I4: 7.13 | J4: 6.58 | K4: =(IF(ISBLANK(J4),0,J4-I4))/I4 -> -0.07713885 | L4: =D4/($D$2*J4) -> 0.80072966 | M4: 1 | N4: 0.9413 | O4: 699 | P4: 0 | Q4: 20 % Load curtailment ALDC Request
A5: =A4+1 -> 46114 | B5: 8261 | C5: 6623 | D5: 7140 | E5: 7080 | F5: =(IF(ISBLANK(E5),0,E5-C5))/C5 -> 0.069001963 | G5: =D5/($D$2*24) -> 0.22151899 | H5: =D5/($H$2*24) -> 0.26444444 | I5: 7.13 | J5: 6.49 | K5: =(IF(ISBLANK(J5),0,J5-I5))/I5 -> -0.089761571 | L5: =D5/($D$2*J5) -> 0.81917653 | M5: 1 | N5: 0.9692 | O5: 382 | P5: 0 | Q5: 10 % Load curtailment ALDC Request
A6: =A5+1 -> 46115 | B6: 8261 | C6: 6623 | D6: 5773 | E6: 5775 | F6: =(IF(ISBLANK(E6),0,E6-C6))/C6 -> -0.12803865 | G6: =D6/($D$2*24) -> 0.17910772 | H6: =D6/($H$2*24) -> 0.21381481 | I6: 7.13 | J6: 5.01 | K6: =(IF(ISBLANK(J6),0,J6-I6))/I6 -> -0.2973352 | L6: =D6/($D$2*J6) -> 0.85800105 | M6: 1 | N6: 1 | O6: 0 | P6: 0
A7: =A6+1 -> 46116 | B7: 8261 | C7: 6623 | D7: 6806 | E7: 6735 | F7: =(IF(ISBLANK(E7),0,E7-C7))/C7 -> 0.016910766 | G7: =D7/($D$2*24) -> 0.21115661 | H7: =D7/($H$2*24) -> 0.25207407 | I7: 7.13 | J7: 7.05 | K7: =(IF(ISBLANK(J7),0,J7-I7))/I7 -> -0.011220196 | L7: =D7/($D$2*J7) -> 0.71883103 | M7: 1 | N7: 0.9021 | O7: 1050 | P7: 0 | Q7: Jumper Burn at GSS End
A8: =A7+1 -> 46117 | B8: 8261 | C8: 6623 | D8: 7575 | E8: 7500 | F8: =(IF(ISBLANK(E8),0,E8-C8))/C8 -> 0.13241733 | G8: =D8/($D$2*24) -> 0.23501489 | H8: =D8/($H$2*24) -> 0.28055556 | I8: 7.13 | J8: 6.74 | K8: =(IF(ISBLANK(J8),0,J8-I8))/I8 -> -0.054698457 | L8: =D8/($D$2*J8) -> 0.83684828 | M8: 1 | N8: 0.9455 | O8: 594 | P8: 0 | Q8: 30 % Load curtailment ALDC Request
A9: =A8+1 -> 46118 | B9: 8261 | C9: 6623 | D9: 7831 | E9: 7740 | F9: =(IF(ISBLANK(E9),0,E9-C9))/C9 -> 0.16865469 | G9: =D9/($D$2*24) -> 0.24295731 | H9: =D9/($H$2*24) -> 0.29003704 | I9: 7.13 | J9: 7.18 | K9: =(IF(ISBLANK(J9),0,J9-I9))/I9 -> 0.0070126227 | L9: =D9/($D$2*J9) -> 0.81211357 | M9: 1 | N9: 0.9049 | O9: 1030 | P9: 0 | Q9: 30 % Load curtailment ALDC Request
A10: =A9+1 -> 46119 | B10: 8261 | C10: 6623 | D10: 4426 | E10: 4290 | F10: =(IF(ISBLANK(E10),0,E10-C10))/C10 -> -0.35225729 | G10: =D10/($D$2*24) -> 0.13731695 | H10: =D10/($H$2*24) -> 0.16392593 | I10: 7.13 | J10: 5.06 | K10: =(IF(ISBLANK(J10),0,J10-I10))/I10 -> -0.29032258 | L10: =D10/($D$2*J10) -> 0.6513057 | M10: 1 | N10: 0.8444 | O10: 1193 | P10: 0 | Q10: Inv. 1 & 2 Manually off due to 50 % Load curtailment ALDC Request
A11: =A10+1 -> 46120 | B11: 8261 | C11: 6623 | D11: 4931 | E11: 4920 | F11: =(IF(ISBLANK(E11),0,E11-C11))/C11 -> -0.25713423 | G11: =D11/($D$2*24) -> 0.15298461 | H11: =D11/($H$2*24) -> 0.18262963 | I11: 7.13 | J11: 6.5 | K11: =(IF(ISBLANK(J11),0,J11-I11))/I11 -> -0.088359046 | L11: =D11/($D$2*J11) -> 0.56486626 | M11: 1 | N11: 0.675 | O11: 3096 | P11: 0 | Q11: Inv. 1,2,3 Manually off due to 50 % Load curtailment ALDC Request
A12: =A11+1 -> 46121 | B12: 8261 | C12: 6623 | D12: 6782 | E12: 6705 | F12: =(IF(ISBLANK(E12),0,E12-C12))/C12 -> 0.012381096 | G12: =D12/($D$2*24) -> 0.21041201 | H12: =D12/($H$2*24) -> 0.25118519 | I12: 7.13 | J12: 6.6 | K12: =(IF(ISBLANK(J12),0,J12-I12))/I12 -> -0.074333801 | L12: =D12/($D$2*J12) -> 0.76513459 | M12: 1 | N12: 0.8972 | O12: 1129 | P12: 0 | Q12: Inv. 1,2 Manually off due to 40 % Load curtailment ALDC Request
A13: =A12+1 -> 46122 | B13: 8261 | C13: 6623 | D13: 7229 | E13: 7125 | F13: =(IF(ISBLANK(E13),0,E13-C13))/C13 -> 0.075796467 | G13: =D13/($D$2*24) -> 0.22428022 | H13: =D13/($H$2*24) -> 0.26774074 | I13: 7.13 | J13: 7 | K13: =(IF(ISBLANK(J13),0,J13-I13))/I13 -> -0.018232819 | L13: =D13/($D$2*J13) -> 0.76896075 | M13: 1 | N13: 0.9431 | O13: 627 | P13: 0 | Q13: Inv.1 Manually off due to 20 % Load curtailment ALDC Request
A14: =A13+1 -> 46123 | B14: 8261 | C14: 6623 | D14: 7742 | E14: 7695 | F14: =(IF(ISBLANK(E14),0,E14-C14))/C14 -> 0.16186018 | G14: =D14/($D$2*24) -> 0.24019608 | H14: =D14/($H$2*24) -> 0.28674074 | I14: 7.13 | J14: 6.85 | K14: =(IF(ISBLANK(J14),0,J14-I14))/I14 -> -0.039270687 | L14: =D14/($D$2*J14) -> 0.8415629 | M14: 1 | N14: 1 | O14: 0 | P14: 0
A15: =A14+1 -> 46124 | B15: 8261 | C15: 6623 | D15: 7997 | E15: 7875 | F15: =(IF(ISBLANK(E15),0,E15-C15))/C15 -> 0.1890382 | G15: =D15/($D$2*24) -> 0.24810747 | H15: =D15/($H$2*24) -> 0.29618519 | I15: 7.13 | J15: 6.87 | K15: =(IF(ISBLANK(J15),0,J15-I15))/I15 -> -0.036465638 | L15: =D15/($D$2*J15) -> 0.86675099 | M15: 1 | N15: 1 | O15: 0 | P15: 0
A16: =A15+1 -> 46125 | B16: 8261 | C16: 6623 | D16: 7811 | E16: 7755 | F16: =(IF(ISBLANK(E16),0,E16-C16))/C16 -> 0.17091952 | G16: =D16/($D$2*24) -> 0.24233681 | H16: =D16/($H$2*24) -> 0.2892963 | I16: 7.13 | J16: 6.78 | K16: =(IF(ISBLANK(J16),0,J16-I16))/I16 -> -0.049088359 | L16: =D16/($D$2*J16) -> 0.85782941 | M16: 1 | N16: 1 | O16: 0 | P16: 0
A17: =A16+1 -> 46126 | B17: 8261 | C17: 6623 | D17: 7688 | E17: 7590 | F17: =(IF(ISBLANK(E17),0,E17-C17))/C17 -> 0.14600634 | G17: =D17/($D$2*24) -> 0.23852072 | H17: =D17/($H$2*24) -> 0.28474074 | I17: 7.13 | J17: 7.04 | K17: =(IF(ISBLANK(J17),0,J17-I17))/I17 -> -0.012622721 | L17: =D17/($D$2*J17) -> 0.81313883 | M17: 1 | N17: 0.9569 | O17: 530 | P17: 0 | Q17: Inv.1 Manually off due to 30 % Load curtailment ALDC Request
A18: =A17+1 -> 46127 | B18: 8261 | C18: 6623 | D18: 7503 | E18: 7470 | F18: =(IF(ISBLANK(E18),0,E18-C18))/C18 -> 0.12788766 | G18: =D18/($D$2*24) -> 0.23278109 | H18: =D18/($H$2*24) -> 0.27788889 | I18: 7.13 | J18: 6.84 | K18: =(IF(ISBLANK(J18),0,J18-I18))/I18 -> -0.040673212 | L18: =D18/($D$2*J18) -> 0.81677574 | M18: 1 | N18: 0.9583 | O18: 477 | P18: 0 | Q18: Inv.1 Manually off due to 30 % Load curtailment ALDC Request
A19: =A18+1 -> 46128 | B19: 8261 | C19: 6623 | D19: 7908 | E19: 7830 | F19: =(IF(ISBLANK(E19),0,E19-C19))/C19 -> 0.1822437 | G19: =D19/($D$2*24) -> 0.24534624 | H19: =D19/($H$2*24) -> 0.29288889 | I19: 7.13 | J19: 6.99 | K19: =(IF(ISBLANK(J19),0,J19-I19))/I19 -> -0.019635344 | L19: =D19/($D$2*J19) -> 0.84239052 | M19: 1 | N19: 0.9778 | O19: 276 | P19: 0 | Q19: Inv.1 Manually off due to 30 % Load curtailment ALDC Request
A20: =A19+1 -> 46129 | B20: 8261 | C20: 6623 | D20: 7911 | E20: 7800 | F20: =(IF(ISBLANK(E20),0,E20-C20))/C20 -> 0.17771403 | G20: =D20/($D$2*24) -> 0.24543931 | H20: =D20/($H$2*24) -> 0.293 | I20: 7.13 | J20: 7.18 | K20: =(IF(ISBLANK(J20),0,J20-I20))/I20 -> 0.0070126227 | L20: =D20/($D$2*J20) -> 0.82040997 | M20: 1 | N20: 0.9444 | O20: 670 | P20: 0 | Q20: Inv.1 Manually off due to 30 % Load curtailment ALDC Request
A21: =A20+1 -> 46130 | B21: 8261 | C21: 6623 | D21: 8217 | E21: 8145 | F21: =(IF(ISBLANK(E21),0,E21-C21))/C21 -> 0.22980522 | G21: =D21/($D$2*24) -> 0.25493299 | H21: =D21/($H$2*24) -> 0.30433333 | I21: 7.13 | J21: 7.26 | K21: =(IF(ISBLANK(J21),0,J21-I21))/I21 -> 0.018232819 | L21: =D21/($D$2*J21) -> 0.84275367 | M21: 1 | N21: 0.9639 | O21: 461 | P21: 0 | Q21: Inv.1 Manually off due to 20 % Load curtailment ALDC Request
A22: =A21+1 -> 46131 | B22: 8261 | C22: 6623 | D22: 7835 | E22: 7755 | F22: =(IF(ISBLANK(E22),0,E22-C22))/C22 -> 0.17091952 | G22: =D22/($D$2*24) -> 0.24308141 | H22: =D22/($H$2*24) -> 0.29018519 | I22: 7.13 | J22: 7.02 | K22: =(IF(ISBLANK(J22),0,J22-I22))/I22 -> -0.01542777 | L22: =D22/($D$2*J22) -> 0.83104755 | M22: 1 | N22: 0.9194 | O22: 940 | P22: 0 | Q22: Inv.1 Manually off due to 20 % Load curtailment ALDC Request
A23: =A22+1 -> 46132 | B23: 8261 | C23: 6623 | D23: 7886 | E23: 7800 | F23: =(IF(ISBLANK(E23),0,E23-C23))/C23 -> 0.17771403 | G23: =D23/($D$2*24) -> 0.24466369 | H23: =D23/($H$2*24) -> 0.29207407 | I23: 7.13 | J23: 7.11 | K23: =(IF(ISBLANK(J23),0,J23-I23))/I23 -> -0.0028050491 | L23: =D23/($D$2*J23) -> 0.82586899 | M23: 1 | N23: 0.95 | O23: 607 | P23: 0 | Q23: Inv.1 Manually off due to 30 % Load curtailment ALDC Request
A24: =A23+1 -> 46133 | B24: 8261 | C24: 6623 | D24: 7902 | E24: 7830 | F24: =(IF(ISBLANK(E24),0,E24-C24))/C24 -> 0.1822437 | G24: =D24/($D$2*24) -> 0.24516009 | H24: =D24/($H$2*24) -> 0.29266667 | I24: 7.13 | J24: 7.15 | K24: =(IF(ISBLANK(J24),0,J24-I24))/I24 -> 0.0028050491 | L24: =D24/($D$2*J24) -> 0.82291499 | M24: 1 | N24: 0.9597 | O24: 525 | P24: 0 | Q24: Inv.2 Manually off due to 30 % Load curtailment ALDC Request
A25: =A24+1 -> 46134 | B25: 8261 | C25: 6623 | D25: 7703 | E25: 7620 | F25: =(IF(ISBLANK(E25),0,E25-C25))/C25 -> 0.15053601 | G25: =D25/($D$2*24) -> 0.2389861 | H25: =D25/($H$2*24) -> 0.2852963 | I25: 7.13 | J25: 7.34 | K25: =(IF(ISBLANK(J25),0,J25-I25))/I25 -> 0.029453015 | L25: =D25/($D$2*J25) -> 0.78142594 | M25: 1 | N25: 0.9417 | O25: 737 | P25: 0 | Q25: Inv.3 Manually off due to 30 % Load curtailment ALDC Request
A26: =A25+1 -> 46135 | B26: 8261 | C26: 6623 | D26: 8059 | E26: 7980 | F26: =(IF(ISBLANK(E26),0,E26-C26))/C26 -> 0.20489204 | G26: =D26/($D$2*24) -> 0.25003103 | H26: =D26/($H$2*24) -> 0.29848148 | I26: 7.13 | J26: 7.02 | K26: =(IF(ISBLANK(J26),0,J26-I26))/I26 -> -0.01542777 | L26: =D26/($D$2*J26) -> 0.85480692 | M26: 1 | N26: 0.9597 | O26: 496 | P26: 0 | Q26: 20 % Load curtailment ALDC Request
A27: =A26+1 -> 46136 | B27: 8261 | C27: 6623 | D27: 8086 | E27: 7950 | F27: =(IF(ISBLANK(E27),0,E27-C27))/C27 -> 0.20036237 | G27: =D27/($D$2*24) -> 0.2508687 | H27: =D27/($H$2*24) -> 0.29948148 | I27: 7.13 | J27: 6.83 | K27: =(IF(ISBLANK(J27),0,J27-I27))/I27 -> -0.042075736 | L27: =D27/($D$2*J27) -> 0.88152985 | M27: 1 | N27: 0.9778 | O27: 293 | P27: 0 | Q27: 20 % Load curtailment ALDC Request
A28: =A27+1 -> 46137 | B28: 8261 | C28: 6623 | D28: 8131 | E28: 8070 | F28: =(IF(ISBLANK(E28),0,E28-C28))/C28 -> 0.21848105 | G28: =D28/($D$2*24) -> 0.25226483 | H28: =D28/($H$2*24) -> 0.30114815 | I28: 7.13 | J28: 6.86 | K28: =(IF(ISBLANK(J28),0,J28-I28))/I28 -> -0.037868163 | L28: =D28/($D$2*J28) -> 0.88255917 | M28: 1 | N28: 1 | O28: 0 | P28: 0
A29: =A28+1 -> 46138 | B29: 8261 | C29: 6623 | D29: 8293 | E29: 8220 | F29: =(IF(ISBLANK(E29),0,E29-C29))/C29 -> 0.2411294 | G29: =D29/($D$2*24) -> 0.25729089 | H29: =D29/($H$2*24) -> 0.30714815 | I29: 7.13 | J29: 7 | K29: =(IF(ISBLANK(J29),0,J29-I29))/I29 -> -0.018232819 | L29: =D29/($D$2*J29) -> 0.8821402 | M29: 1 | N29: 1 | O29: 0 | P29: 0
A30: =A29+1 -> 46139 | B30: 8261 | C30: 6623 | F30: =(IF(ISBLANK(E30),0,E30-C30))/C30 -> 0 | G30: =D30/($D$2*24) -> 0 | H30: =D30/($H$2*24) -> 0 | I30: 7.13 | K30: =(IF(ISBLANK(J30),0,J30-I30))/I30 -> 0 | L30: =D30/($D$2*J30) -> #DIV/0!
A31: =A30+1 -> 46140 | B31: 8261 | C31: 6623 | F31: =(IF(ISBLANK(E31),0,E31-C31))/C31 -> 0 | G31: =D31/($D$2*24) -> 0 | H31: =D31/($H$2*24) -> 0 | I31: 7.13 | K31: =(IF(ISBLANK(J31),0,J31-I31))/I31 -> 0 | L31: =D31/($D$2*J31) -> #DIV/0!
A32: =A31+1 -> 46141 | B32: 8261 | C32: 6623 | F32: =(IF(ISBLANK(E32),0,E32-C32))/C32 -> 0 | G32: =D32/($D$2*24) -> 0 | H32: =D32/($H$2*24) -> 0 | I32: 7.13 | K32: =(IF(ISBLANK(J32),0,J32-I32))/I32 -> 0 | L32: =D32/($D$2*J32) -> #DIV/0!
A33: =A32+1 -> 46142 | B33: 8261 | C33: 6623 | F33: =(IF(ISBLANK(E33),0,E33-C33))/C33 -> 0 | G33: =D33/($D$2*24) -> 0 | H33: =D33/($H$2*24) -> 0 | I33: 7.13 | K33: =(IF(ISBLANK(J33),0,J33-I33))/I33 -> 0 | L33: =D33/($D$2*J33) -> #DIV/0!
A34: 46113 | B34: =SUM(B4:B33) -> 247830 | C34: =SUM(C4:C33) -> 198690 | D34: =SUM(D4:D33) -> 192241 | E34: =SUM(E4:E33) -> 190185 | F34: =(IF(ISBLANK(E34),0,E34-C34))/C34 -> -0.042805375 | G34: =AVERAGE(G4:G33) -> 0.19880967 | H34: =AVERAGE(H4:H33) -> 0.23733457 | I34: =SUM(I4:I33) -> 213.9 | J34: =SUM(J4:J33) -> 176.35 | K34: =(IF(ISBLANK(J34),0,J34-I34))/I34 -> -0.17554932 | L34: =D34/($D$2*J34) -> 0.81169812 | M34: =AVERAGE(M4:M33) -> 1 | N34: =AVERAGE(N4:N33) -> 0.94355 | O34: =SUM(O4:O33) -> 15812 | P34: =SUM(P4:P33) -> 0
A35: 46143 | F35: =(IF(ISBLANK(E35),0,E35-C35))/C35 -> #DIV/0! | G35: =D35/($D$2*24) -> 0 | H35: =D35/($H$2*24) -> 0 | K35: =(IF(ISBLANK(J35),0,J35-I35))/I35 -> #DIV/0! | L35: =D35/($D$2*J35) -> #DIV/0!
A36: =A35+1 -> 46144 | F36: =(IF(ISBLANK(E36),0,E36-C36))/C36 -> #DIV/0! | G36: =D36/($D$2*24) -> 0 | H36: =D36/($H$2*24) -> 0 | K36: =(IF(ISBLANK(J36),0,J36-I36))/I36 -> #DIV/0! | L36: =D36/($D$2*J36) -> #DIV/0!
A37: =A36+1 -> 46145 | F37: =(IF(ISBLANK(E37),0,E37-C37))/C37 -> #DIV/0! | G37: =D37/($D$2*24) -> 0 | H37: =D37/($H$2*24) -> 0 | K37: =(IF(ISBLANK(J37),0,J37-I37))/I37 -> #DIV/0! | L37: =D37/($D$2*J37) -> #DIV/0!
A38: =A37+1 -> 46146 | F38: =(IF(ISBLANK(E38),0,E38-C38))/C38 -> #DIV/0! | G38: =D38/($D$2*24) -> 0 | H38: =D38/($H$2*24) -> 0 | K38: =(IF(ISBLANK(J38),0,J38-I38))/I38 -> #DIV/0! | L38: =D38/($D$2*J38) -> #DIV/0!
A39: =A38+1 -> 46147 | F39: =(IF(ISBLANK(E39),0,E39-C39))/C39 -> #DIV/0! | G39: =D39/($D$2*24) -> 0 | H39: =D39/($H$2*24) -> 0 | K39: =(IF(ISBLANK(J39),0,J39-I39))/I39 -> #DIV/0! | L39: =D39/($D$2*J39) -> #DIV/0!
A40: =A39+1 -> 46148 | F40: =(IF(ISBLANK(E40),0,E40-C40))/C40 -> #DIV/0! | G40: =D40/($D$2*24) -> 0 | H40: =D40/($H$2*24) -> 0 | K40: =(IF(ISBLANK(J40),0,J40-I40))/I40 -> #DIV/0! | L40: =D40/($D$2*J40) -> #DIV/0!
A41: =A40+1 -> 46149 | F41: =(IF(ISBLANK(E41),0,E41-C41))/C41 -> #DIV/0! | G41: =D41/($D$2*24) -> 0 | H41: =D41/($H$2*24) -> 0 | K41: =(IF(ISBLANK(J41),0,J41-I41))/I41 -> #DIV/0! | L41: =D41/($D$2*J41) -> #DIV/0!
A42: =A41+1 -> 46150 | F42: =(IF(ISBLANK(E42),0,E42-C42))/C42 -> #DIV/0! | G42: =D42/($D$2*24) -> 0 | H42: =D42/($H$2*24) -> 0 | K42: =(IF(ISBLANK(J42),0,J42-I42))/I42 -> #DIV/0! | L42: =D42/($D$2*J42) -> #DIV/0!
A43: =A42+1 -> 46151 | F43: =(IF(ISBLANK(E43),0,E43-C43))/C43 -> #DIV/0! | G43: =D43/($D$2*24) -> 0 | H43: =D43/($H$2*24) -> 0 | K43: =(IF(ISBLANK(J43),0,J43-I43))/I43 -> #DIV/0! | L43: =D43/($D$2*J43) -> #DIV/0!
A44: =A43+1 -> 46152 | F44: =(IF(ISBLANK(E44),0,E44-C44))/C44 -> #DIV/0! | G44: =D44/($D$2*24) -> 0 | H44: =D44/($H$2*24) -> 0 | K44: =(IF(ISBLANK(J44),0,J44-I44))/I44 -> #DIV/0! | L44: =D44/($D$2*J44) -> #DIV/0!
A45: =A44+1 -> 46153 | F45: =(IF(ISBLANK(E45),0,E45-C45))/C45 -> #DIV/0! | G45: =D45/($D$2*24) -> 0 | H45: =D45/($H$2*24) -> 0 | K45: =(IF(ISBLANK(J45),0,J45-I45))/I45 -> #DIV/0! | L45: =D45/($D$2*J45) -> #DIV/0!
A46: =A45+1 -> 46154 | F46: =(IF(ISBLANK(E46),0,E46-C46))/C46 -> #DIV/0! | G46: =D46/($D$2*24) -> 0 | H46: =D46/($H$2*24) -> 0 | K46: =(IF(ISBLANK(J46),0,J46-I46))/I46 -> #DIV/0! | L46: =D46/($D$2*J46) -> #DIV/0!
A47: =A46+1 -> 46155 | F47: =(IF(ISBLANK(E47),0,E47-C47))/C47 -> #DIV/0! | G47: =D47/($D$2*24) -> 0 | H47: =D47/($H$2*24) -> 0 | K47: =(IF(ISBLANK(J47),0,J47-I47))/I47 -> #DIV/0! | L47: =D47/($D$2*J47) -> #DIV/0!
... A65: =A64+1 -> 46173 | F65: =(IF(ISBLANK(E65),0,E65-C65))/C65 -> #DIV/0! | G65: =D65/($D$2*24) -> 0 | H65: =D65/($H$2*24) -> 0 | K65: =(IF(ISBLANK(J65),0,J65-I65))/I65 -> #DIV/0! | L65: =D65/($D$2*J65) -> #DIV/0!
A66: 46143 | B66: =SUM(B35:B65) -> 0 | C66: =SUM(C35:C65) -> 0 | D66: =SUM(D35:D65) -> 0 | E66: =SUM(E35:E65) -> 0 | F66: =(IF(ISBLANK(E66),0,E66-C66))/C66 -> #DIV/0! | G66: =AVERAGE(G35:G65) -> 0 | H66: =AVERAGE(H35:H65) -> 0 | I66: =SUM(I35:I65) -> 0 | J66: =SUM(J35:J65) -> 0 | K66: =(IF(ISBLANK(J66),0,J66-I66))/I66 -> #DIV/0! | L66: =D66/($D$2*J66) -> #DIV/0! | M66: =AVERAGE(M35:M65) -> #DIV/0! | N66: =AVERAGE(N35:N65) -> #DIV/0! | O66: =SUM(O35:O65) -> 0 | P66: =SUM(P35:P65) -> 0

Sheet Sainest
A1: Generation Details_Sainest Tubes_Nani Chandur_GJ.
A2: 46113 | B2: DC Capacity (kWp): | D2: 1500 | E2: AC capacity (kWp): | H2: 1200 | I2: COD : | K2: 44827
A3: Month | B3: Expected Generation | C3: Guaranteed Generation (kWh) | D3: Inverter Generation (kWh) | E3: ABT Meter Generation at Plant End (kWh) | F3: Generation difference (KWh) | G3: DC-CUF | H3: AC-CUF | I3: Pvsyst Irradiation (kWh/m2) | J3: Actual Irradiation (kWh/m2) | K3: Radiation Difference (KWh/m2) | L3: PR | M3: Plant Availability | N3: Grid Availability | O3: Losses due to Grid Unavailability | P3: Losses due to Plant Unavailability | Q3: Remarks
A4: =A2 -> 46113 | B4: 7895 | C4: 7130 | D4: 7411 | E4: 7320 | F4: =(IF(ISBLANK(E4),0,E4-C4))/C4 -> 0.026647966 | G4: =D4/($D$2*24) -> 0.20586111 | H4: =D4/($H$2*24) -> 0.25732639 | I4: 6.85 | J4: 6.58 | K4: =(IF(ISBLANK(J4),0,J4-I4))/I4 -> -0.039416058 | L4: =D4/($D$2*J4) -> 0.7508612 | M4: 1 | N4: 0.9413 | O4: 732 | P4: 0 | Q4: 20 % Load curtailment ALDC Request
A5: =A4+1 -> 46114 | B5: 7895 | C5: 7130 | D5: 7364 | E5: 7365 | F5: =(IF(ISBLANK(E5),0,E5-C5))/C5 -> 0.032959327 | G5: =D5/($D$2*24) -> 0.20455556 | H5: =D5/($H$2*24) -> 0.25569444 | I5: 6.85 | J5: 6.49 | K5: =(IF(ISBLANK(J5),0,J5-I5))/I5 -> -0.052554745 | L5: =D5/($D$2*J5) -> 0.75644581 | M5: 1 | N5: 0.9692 | O5: 399 | P5: 0 | Q5: 10 % Load curtailment ALDC Request
A6: =A5+1 -> 46115 | B6: 7895 | C6: 7130 | D6: 5974 | E6: 6000 | F6: =(IF(ISBLANK(E6),0,E6-C6))/C6 -> -0.15848527 | G6: =D6/($D$2*24) -> 0.16594444 | H6: =D6/($H$2*24) -> 0.20743056 | I6: 6.85 | J6: 5.01 | K6: =(IF(ISBLANK(J6),0,J6-I6))/I6 -> -0.26861314 | L6: =D6/($D$2*J6) -> 0.79494345 | M6: 1 | N6: 1 | O6: 0 | P6: 0
A7: =A6+1 -> 46116 | B7: 7895 | C7: 7130 | D7: 7157 | E7: 7155 | F7: =(IF(ISBLANK(E7),0,E7-C7))/C7 -> 0.0035063114 | G7: =D7/($D$2*24) -> 0.19880556 | H7: =D7/($H$2*24) -> 0.24850694 | I7: 6.85 | J7: 7.05 | K7: =(IF(ISBLANK(J7),0,J7-I7))/I7 -> 0.02919708 | L7: =D7/($D$2*J7) -> 0.67678487 | M7: 1 | N7: 0.9021 | O7: 1104 | P7: 0 | Q7: Jumper Burn at GSS End
A8: =A7+1 -> 46117 | B8: 7895 | C8: 7130 | D8: 7913 | E8: 7890 | F8: =(IF(ISBLANK(E8),0,E8-C8))/C8 -> 0.10659187 | G8: =D8/($D$2*24) -> 0.21980556 | H8: =D8/($H$2*24) -> 0.27475694 | I8: 6.85 | J8: 6.74 | K8: =(IF(ISBLANK(J8),0,J8-I8))/I8 -> -0.016058394 | L8: =D8/($D$2*J8) -> 0.78269041 | M8: 1 | N8: 0.958 | O8: 478 | P8: 0 | Q8: 30 % Load curtailment ALDC Request
A9: =A8+1 -> 46118 | B9: 7895 | C9: 7130 | D9: 8048 | E9: 8025 | F9: =(IF(ISBLANK(E9),0,E9-C9))/C9 -> 0.12552595 | G9: =D9/($D$2*24) -> 0.22355556 | H9: =D9/($H$2*24) -> 0.27944444 | I9: 6.85 | J9: 7.18 | K9: =(IF(ISBLANK(J9),0,J9-I9))/I9 -> 0.048175182 | L9: =D9/($D$2*J9) -> 0.74726091 | M9: 1 | N9: 0.9049 | O9: 1058 | P9: 0 | Q9: 30 % Load curtailment ALDC Request
A10: =A9+1 -> 46119 | B10: 7895 | C10: 7130 | D10: 4734 | E10: 4680 | F10: =(IF(ISBLANK(E10),0,E10-C10))/C10 -> -0.34361851 | G10: =D10/($D$2*24) -> 0.1315 | H10: =D10/($H$2*24) -> 0.164375 | I10: 6.85 | J10: 5.06 | K10: =(IF(ISBLANK(J10),0,J10-I10))/I10 -> -0.26131387 | L10: =D10/($D$2*J10) -> 0.62371542 | M10: 1 | N10: 0.8694 | O10: 1251 | P10: 0 | Q10: Inv.01 & 02 Manually off due to 50 % Load curtailment ALDC Request
A11: =A10+1 -> 46120 | B11: 7895 | C11: 7130 | D11: 6082 | E11: 6045 | F11: =(IF(ISBLANK(E11),0,E11-C11))/C11 -> -0.15217391 | G11: =D11/($D$2*24) -> 0.16894444 | H11: =D11/($H$2*24) -> 0.21118056 | I11: 6.85 | J11: 6.5 | K11: =(IF(ISBLANK(J11),0,J11-I11))/I11 -> -0.051094891 | L11: =D11/($D$2*J11) -> 0.62379487 | M11: 1 | N11: 0.8125 | O11: 1825 | P11: 0 | Q11: Inv.05 & 06 Manually off due to 50 % Load curtailment ALDC Request
A12: =A11+1 -> 46121 | B12: 7895 | C12: 7130 | D12: 7185 | E12: 7215 | F12: =(IF(ISBLANK(E12),0,E12-C12))/C12 -> 0.011921459 | G12: =D12/($D$2*24) -> 0.19958333 | H12: =D12/($H$2*24) -> 0.24947917 | I12: 6.85 | J12: 6.6 | K12: =(IF(ISBLANK(J12),0,J12-I12))/I12 -> -0.03649635 | L12: =D12/($D$2*J12) -> 0.72575758 | M12: 1 | N12: 0.9139 | O12: 1059 | P12: 0 | Q12: Inv.05 & 06 Manually off due to 40 % Load curtailment ALDC Request
A13: =A12+1 -> 46122 | B13: 7895 | C13: 7130 | D13: 7593 | E13: 7530 | F13: =(IF(ISBLANK(E13),0,E13-C13))/C13 -> 0.056100982 | G13: =D13/($D$2*24) -> 0.21091667 | H13: =D13/($H$2*24) -> 0.26364583 | I13: 6.85 | J13: 7 | K13: =(IF(ISBLANK(J13),0,J13-I13))/I13 -> 0.02189781 | L13: =D13/($D$2*J13) -> 0.72314286 | M13: 1 | N13: 0.9528 | O13: 580 | P13: 0 | Q13: Inv. 01 Manually off due to 20 % Load curtailment ALDC Request
A14: =A13+1 -> 46123 | B14: 7895 | C14: 7130 | D14: 8003 | E14: 8040 | F14: =(IF(ISBLANK(E14),0,E14-C14))/C14 -> 0.12762973 | G14: =D14/($D$2*24) -> 0.22230556 | H14: =D14/($H$2*24) -> 0.27788194 | I14: 6.85 | J14: 6.85 | K14: =(IF(ISBLANK(J14),0,J14-I14))/I14 -> 0 | L14: =D14/($D$2*J14) -> 0.77888078 | M14: 1 | N14: 1 | O14: 0 | P14: 0
A15: =A14+1 -> 46124 | B15: 7895 | C15: 7130 | D15: 8171 | E15: 8115 | F15: =(IF(ISBLANK(E15),0,E15-C15))/C15 -> 0.13814867 | G15: =D15/($D$2*24) -> 0.22697222 | H15: =D15/($H$2*24) -> 0.28371528 | I15: 6.85 | J15: 6.87 | K15: =(IF(ISBLANK(J15),0,J15-I15))/I15 -> 0.002919708 | L15: =D15/($D$2*J15) -> 0.79291606 | M15: 1 | N15: 1 | O15: 0 | P15: 0
A16: =A15+1 -> 46125 | B16: 7895 | C16: 7130 | D16: 7966 | E16: 7965 | F16: =(IF(ISBLANK(E16),0,E16-C16))/C16 -> 0.1171108 | G16: =D16/($D$2*24) -> 0.22127778 | H16: =D16/($H$2*24) -> 0.27659722 | I16: 6.85 | J16: 6.78 | K16: =(IF(ISBLANK(J16),0,J16-I16))/I16 -> -0.010218978 | L16: =D16/($D$2*J16) -> 0.78328417 | M16: 1 | N16: 1 | O16: 0 | P16: 0
A17: =A16+1 -> 46126 | B17: 7895 | C17: 7130 | D17: 8258 | E17: 8235 | F17: =(IF(ISBLANK(E17),0,E17-C17))/C17 -> 0.15497896 | G17: =D17/($D$2*24) -> 0.22938889 | H17: =D17/($H$2*24) -> 0.28673611 | I17: 6.85 | J17: 7.04 | K17: =(IF(ISBLANK(J17),0,J17-I17))/I17 -> 0.027737226 | L17: =D17/($D$2*J17) -> 0.78200758 | M17: 1 | N17: 1 | O17: 0 | P17: 0
A18: =A17+1 -> 46127 | B18: 7895 | C18: 7130 | D18: 8042 | E18: 8040 | F18: =(IF(ISBLANK(E18),0,E18-C18))/C18 -> 0.12762973 | G18: =D18/($D$2*24) -> 0.22338889 | H18: =D18/($H$2*24) -> 0.27923611 | I18: 6.85 | J18: 6.84 | K18: =(IF(ISBLANK(J18),0,J18-I18))/I18 -> -0.001459854 | L18: =D18/($D$2*J18) -> 0.78382066 | M18: 1 | N18: 1 | O18: 0 | P18: 0
A19: =A18+1 -> 46128 | B19: 7895 | C19: 7130 | D19: 8166 | E19: 8160 | F19: =(IF(ISBLANK(E19),0,E19-C19))/C19 -> 0.14446003 | G19: =D19/($D$2*24) -> 0.22683333 | H19: =D19/($H$2*24) -> 0.28354167 | I19: 6.85 | J19: 6.99 | K19: =(IF(ISBLANK(J19),0,J19-I19))/I19 -> 0.020437956 | L19: =D19/($D$2*J19) -> 0.7788269 | M19: 1 | N19: 1 | O19: 0 | P19: 0
A20: =A19+1 -> 46129 | B20: 7895 | C20: 7130 | D20: 8480 | E20: 8415 | F20: =(IF(ISBLANK(E20),0,E20-C20))/C20 -> 0.1802244 | G20: =D20/($D$2*24) -> 0.23555556 | H20: =D20/($H$2*24) -> 0.29444444 | I20: 6.85 | J20: 7.18 | K20: =(IF(ISBLANK(J20),0,J20-I20))/I20 -> 0.048175182 | L20: =D20/($D$2*J20) -> 0.78737233 | M20: 1 | N20: 1 | O20: 0 | P20: 0
A21: =A20+1 -> 46130 | B21: 7895 | C21: 7130 | D21: 8408 | E21: 8430 | F21: =(IF(ISBLANK(E21),0,E21-C21))/C21 -> 0.18232819 | G21: =D21/($D$2*24) -> 0.23355556 | H21: =D21/($H$2*24) -> 0.29194444 | I21: 6.85 | J21: 7.26 | K21: =(IF(ISBLANK(J21),0,J21-I21))/I21 -> 0.059854015 | L21: =D21/($D$2*J21) -> 0.77208448 | M21: 1 | N21: 1 | O21: 0 | P21: 0
A22: =A21+1 -> 46131 | B22: 7895 | C22: 7130 | D22: 8372 | E22: 8355 | F22: =(IF(ISBLANK(E22),0,E22-C22))/C22 -> 0.17180926 | G22: =D22/($D$2*24) -> 0.23255556 | H22: =D22/($H$2*24) -> 0.29069444 | I22: 6.85 | J22: 7.02 | K22: =(IF(ISBLANK(J22),0,J22-I22))/I22 -> 0.024817518 | L22: =D22/($D$2*J22) -> 0.79506173 | M22: 1 | N22: 1 | O22: 0 | P22: 0
A23: =A22+1 -> 46132 | B23: 7895 | C23: 7130 | D23: 8291 | E23: 8235 | F23: =(IF(ISBLANK(E23),0,E23-C23))/C23 -> 0.15497896 | G23: =D23/($D$2*24) -> 0.23030556 | H23: =D23/($H$2*24) -> 0.28788194 | I23: 6.85 | J23: 7.11 | K23: =(IF(ISBLANK(J23),0,J23-I23))/I23 -> 0.037956204 | L23: =D23/($D$2*J23) -> 0.77740272 | M23: 1 | N23: 1 | O23: 0 | P23: 0
A24: =A23+1 -> 46133 | B24: 7895 | C24: 7130 | D24: 8457 | E24: 8460 | F24: =(IF(ISBLANK(E24),0,E24-C24))/C24 -> 0.18653576 | G24: =D24/($D$2*24) -> 0.23491667 | H24: =D24/($H$2*24) -> 0.29364583 | I24: 6.85 | J24: 7.15 | K24: =(IF(ISBLANK(J24),0,J24-I24))/I24 -> 0.04379562 | L24: =D24/($D$2*J24) -> 0.78853147 | M24: 1 | N24: 1 | O24: 0 | P24: 0
A25: =A24+1 -> 46134 | B25: 7895 | C25: 7130 | D25: 8494 | E25: 8475 | F25: =(IF(ISBLANK(E25),0,E25-C25))/C25 -> 0.18863955 | G25: =D25/($D$2*24) -> 0.23594444 | H25: =D25/($H$2*24) -> 0.29493056 | I25: 6.85 | J25: 7.34 | K25: =(IF(ISBLANK(J25),0,J25-I25))/I25 -> 0.071532847 | L25: =D25/($D$2*J25) -> 0.77148047 | M25: 1 | N25: 1 | O25: 0 | P25: 0
... A29: =A28+1 -> 46138 | B29: 7895 | C29: 7130 | D29: 8244 | E29: 8235 | F29: =(IF(ISBLANK(E29),0,E29-C29))/C29 -> 0.15497896 | G29: =D29/($D$2*24) -> 0.229 | H29: =D29/($H$2*24) -> 0.28625 | I29: 6.85 | J29: 7 | K29: =(IF(ISBLANK(J29),0,J29-I29))/I29 -> 0.02189781 | L29: =D29/($D$2*J29) -> 0.78514286 | M29: 1 | N29: 1 | O29: 0 | P29: 0
A30: =A29+1 -> 46139 | B30: 7895 | C30: 7130 | F30: =(IF(ISBLANK(E30),0,E30-C30))/C30 -> 0 | G30: =D30/($D$2*24) -> 0 | H30: =D30/($H$2*24) -> 0 | I30: 6.85 | K30: =(IF(ISBLANK(J30),0,J30-I30))/I30 -> 0 | L30: =D30/($D$2*J30) -> #DIV/0!
A31: =A30+1 -> 46140 | B31: 7895 | C31: 7130 | F31: =(IF(ISBLANK(E31),0,E31-C31))/C31 -> 0 | G31: =D31/($D$2*24) -> 0 | H31: =D31/($H$2*24) -> 0 | I31: 6.85 | K31: =(IF(ISBLANK(J31),0,J31-I31))/I31 -> 0 | L31: =D31/($D$2*J31) -> #DIV/0!
A32: =A31+1 -> 46141 | B32: 7895 | C32: 7130 | F32: =(IF(ISBLANK(E32),0,E32-C32))/C32 -> 0 | G32: =D32/($D$2*24) -> 0 | H32: =D32/($H$2*24) -> 0 | I32: 6.85 | K32: =(IF(ISBLANK(J32),0,J32-I32))/I32 -> 0 | L32: =D32/($D$2*J32) -> #DIV/0!
A33: =A32+1 -> 46142 | B33: 7895 | C33: 7130 | F33: =(IF(ISBLANK(E33),0,E33-C33))/C33 -> 0 | G33: =D33/($D$2*24) -> 0 | H33: =D33/($H$2*24) -> 0 | I33: 6.85 | K33: =(IF(ISBLANK(J33),0,J33-I33))/I33 -> 0 | L33: =D33/($D$2*J33) -> #DIV/0!
A34: 46113 | B34: =SUM(B4:B33) -> 236850 | C34: =SUM(C4:C33) -> 213900 | D34: =SUM(D4:D33) -> 201296 | E34: =SUM(E4:E33) -> 200790 | F34: =(IF(ISBLANK(E34),0,E34-C34))/C34 -> -0.061290323 | G34: =AVERAGE(G4:G33) -> 0.18638519 | H34: =AVERAGE(H4:H33) -> 0.23298148 | I34: =SUM(I4:I33) -> 205.5 | J34: =SUM(J4:J33) -> 176.35 | K34: =(IF(ISBLANK(J34),0,J34-I34))/I34 -> -0.14184915 | L34: =D34/($D$2*J34) -> 0.76097155 | M34: =AVERAGE(M4:M33) -> 1 | N34: =AVERAGE(N4:N33) -> 0.97015769 | O34: =SUM(O4:O33) -> 8486 | P34: =SUM(P4:P33) -> 0
A35: 46143 | F35: =(IF(ISBLANK(E35),0,E35-C35))/C35 -> #DIV/0! | G35: =D35/($D$2*24) -> 0 | H35: =D35/($H$2*24) -> 0 | K35: =(IF(ISBLANK(J35),0,J35-I35))/I35 -> #DIV/0! | L35: =D35/($D$2*J35) -> #DIV/0!
A36: =A35+1 -> 46144 | F36: =(IF(ISBLANK(E36),0,E36-C36))/C36 -> #DIV/0! | G36: =D36/($D$2*24) -> 0 | H36: =D36/($H$2*24) -> 0 | K36: =(IF(ISBLANK(J36),0,J36-I36))/I36 -> #DIV/0! | L36: =D36/($D$2*J36) -> #DIV/0!
A37: =A36+1 -> 46145 | F37: =(IF(ISBLANK(E37),0,E37-C37))/C37 -> #DIV/0! | G37: =D37/($D$2*24) -> 0 | H37: =D37/($H$2*24) -> 0 | K37: =(IF(ISBLANK(J37),0,J37-I37))/I37 -> #DIV/0! | L37: =D37/($D$2*J37) -> #DIV/0!
A38: =A37+1 -> 46146 | F38: =(IF(ISBLANK(E38),0,E38-C38))/C38 -> #DIV/0! | G38: =D38/($D$2*24) -> 0 | H38: =D38/($H$2*24) -> 0 | K38: =(IF(ISBLANK(J38),0,J38-I38))/I38 -> #DIV/0! | L38: =D38/($D$2*J38) -> #DIV/0!
A39: =A38+1 -> 46147 | F39: =(IF(ISBLANK(E39),0,E39-C39))/C39 -> #DIV/0! | G39: =D39/($D$2*24) -> 0 | H39: =D39/($H$2*24) -> 0 | K39: =(IF(ISBLANK(J39),0,J39-I39))/I39 -> #DIV/0! | L39: =D39/($D$2*J39) -> #DIV/0!
A40: =A39+1 -> 46148 | F40: =(IF(ISBLANK(E40),0,E40-C40))/C40 -> #DIV/0! | G40: =D40/($D$2*24) -> 0 | H40: =D40/($H$2*24) -> 0 | K40: =(IF(ISBLANK(J40),0,J40-I40))/I40 -> #DIV/0! | L40: =D40/($D$2*J40) -> #DIV/0!
A41: =A40+1 -> 46149 | F41: =(IF(ISBLANK(E41),0,E41-C41))/C41 -> #DIV/0! | G41: =D41/($D$2*24) -> 0 | H41: =D41/($H$2*24) -> 0 | K41: =(IF(ISBLANK(J41),0,J41-I41))/I41 -> #DIV/0! | L41: =D41/($D$2*J41) -> #DIV/0!
A42: =A41+1 -> 46150 | F42: =(IF(ISBLANK(E42),0,E42-C42))/C42 -> #DIV/0! | G42: =D42/($D$2*24) -> 0 | H42: =D42/($H$2*24) -> 0 | K42: =(IF(ISBLANK(J42),0,J42-I42))/I42 -> #DIV/0! | L42: =D42/($D$2*J42) -> #DIV/0!
A43: =A42+1 -> 46151 | F43: =(IF(ISBLANK(E43),0,E43-C43))/C43 -> #DIV/0! | G43: =D43/($D$2*24) -> 0 | H43: =D43/($H$2*24) -> 0 | K43: =(IF(ISBLANK(J43),0,J43-I43))/I43 -> #DIV/0! | L43: =D43/($D$2*J43) -> #DIV/0!
A44: =A43+1 -> 46152 | F44: =(IF(ISBLANK(E44),0,E44-C44))/C44 -> #DIV/0! | G44: =D44/($D$2*24) -> 0 | H44: =D44/($H$2*24) -> 0 | K44: =(IF(ISBLANK(J44),0,J44-I44))/I44 -> #DIV/0! | L44: =D44/($D$2*J44) -> #DIV/0!
A45: =A44+1 -> 46153 | F45: =(IF(ISBLANK(E45),0,E45-C45))/C45 -> #DIV/0! | G45: =D45/($D$2*24) -> 0 | H45: =D45/($H$2*24) -> 0 | K45: =(IF(ISBLANK(J45),0,J45-I45))/I45 -> #DIV/0! | L45: =D45/($D$2*J45) -> #DIV/0!
A46: =A45+1 -> 46154 | F46: =(IF(ISBLANK(E46),0,E46-C46))/C46 -> #DIV/0! | G46: =D46/($D$2*24) -> 0 | H46: =D46/($H$2*24) -> 0 | K46: =(IF(ISBLANK(J46),0,J46-I46))/I46 -> #DIV/0! | L46: =D46/($D$2*J46) -> #DIV/0!
A47: =A46+1 -> 46155 | F47: =(IF(ISBLANK(E47),0,E47-C47))/C47 -> #DIV/0! | G47: =D47/($D$2*24) -> 0 | H47: =D47/($H$2*24) -> 0 | K47: =(IF(ISBLANK(J47),0,J47-I47))/I47 -> #DIV/0! | L47: =D47/($D$2*J47) -> #DIV/0!
... A65: =A64+1 -> 46173 | F65: =(IF(ISBLANK(E65),0,E65-C65))/C65 -> #DIV/0! | G65: =D65/($D$2*24) -> 0 | H65: =D65/($H$2*24) -> 0 | K65: =(IF(ISBLANK(J65),0,J65-I65))/I65 -> #DIV/0! | L65: =D65/($D$2*J65) -> #DIV/0!
A66: 46143 | B66: =SUM(B35:B65) -> 0 | C66: =SUM(C35:C65) -> 0 | D66: =SUM(D35:D65) -> 0 | E66: =SUM(E35:E65) -> 0 | F66: =(IF(ISBLANK(E66),0,E66-C66))/C66 -> #DIV/0! | G66: =AVERAGE(G35:G65) -> 0 | H66: =AVERAGE(H35:H65) -> 0 | I66: =SUM(I35:I65) -> 0 | J66: =SUM(J35:J65) -> 0 | K66: =(IF(ISBLANK(J66),0,J66-I66))/I66 -> #DIV/0! | L66: =D66/($D$2*J66) -> #DIV/0! | M66: =AVERAGE(M35:M65) -> #DIV/0! | N66: =AVERAGE(N35:N65) -> #DIV/0! | O66: =SUM(O35:O65) -> 0 | P66: =SUM(P35:P65) -> 0

Sheet Orito
A1: Generation Details_Orito Polyfeb_Nani Chandur_GJ.
A2: 46113 | B2: DC Capacity (kWp): | D2: 3000 | E2: AC capacity (kWp): | H2: 2400 | I2: COD : | K2: 44357
A3: Month | B3: Expected Generation | C3: Guaranteed Generation (kWh) | D3: Inverter Generation (kWh) | E3: ABT Meter Generation at Plant End (kWh) | F3: Generation difference (KWh) | G3: DC-CUF | H3: AC-CUF | I3: Pvsyst Irradiation (kWh/m2) | J3: Actual Irradiation (kWh/m2) | K3: Radiation Difference (KWh/m2) | L3: PR | M3: Plant Availability | N3: Grid Availability | O3: Losses due to Grid Unavailability | P3: Losses due to Plant Unavailability | Q3: Remarks
A4: =A2 -> 46113 | B4: 15938 | C4: 12822 | D4: 14776 | E4: 14440 | F4: =(IF(ISBLANK(E4),0,E4-C4))/C4 -> 0.12618936 | G4: =D4/($D$2*24) -> 0.20522222 | H4: =D4/($H$2*24) -> 0.25652778 | I4: 6.5 | J4: 6.58 | K4: =(IF(ISBLANK(J4),0,J4-I4))/I4 -> 0.012307692 | L4: =D4/($D$2*J4) -> 0.7485309 | M4: 1 | N4: 0.965 | O4: 899 | P4: 0 | Q4: Inv. 1 & 2 Under BD due 20 % Load curtailment ALDC Request
A5: =A4+1 -> 46114 | B5: 15938 | C5: 12822 | D5: 15063 | E5: 14880 | F5: =(IF(ISBLANK(E5),0,E5-C5))/C5 -> 0.16050538 | G5: =D5/($D$2*24) -> 0.20920833 | H5: =D5/($H$2*24) -> 0.26151042 | I5: 6.5 | J5: 6.49 | K5: =(IF(ISBLANK(J5),0,J5-I5))/I5 -> -0.0015384615 | L5: =D5/($D$2*J5) -> 0.77365177 | M5: 1 | N5: 0.9692 | O5: 817 | P5: 0 | Q5: 10 % Load curtailment ALDC Request
A6: =A5+1 -> 46115 | B6: 15938 | C6: 12822 | D6: 12257 | E6: 12280 | F6: =(IF(ISBLANK(E6),0,E6-C6))/C6 -> -0.042271097 | G6: =D6/($D$2*24) -> 0.17023611 | H6: =D6/($H$2*24) -> 0.21279514 | I6: 6.5 | J6: 5.01 | K6: =(IF(ISBLANK(J6),0,J6-I6))/I6 -> -0.22923077 | L6: =D6/($D$2*J6) -> 0.81550233 | M6: 1 | N6: 1 | O6: 0 | P6: 0
A7: =A6+1 -> 46116 | B7: 15938 | C7: 12822 | D7: 16033 | E7: 15840 | F7: =(IF(ISBLANK(E7),0,E7-C7))/C7 -> 0.2353767 | G7: =D7/($D$2*24) -> 0.22268056 | H7: =D7/($H$2*24) -> 0.27835069 | I7: 6.5 | J7: 7.05 | K7: =(IF(ISBLANK(J7),0,J7-I7))/I7 -> 0.084615385 | L7: =D7/($D$2*J7) -> 0.75806147 | M7: 0.9371 | N7: 1 | O7: 0 | P7: 1209 | Q7: Jumper Burned At PSS End
A8: =A7+1 -> 46117 | B8: 15938 | C8: 12822 | D8: 15661 | E8: 15520 | F8: =(IF(ISBLANK(E8),0,E8-C8))/C8 -> 0.21041959 | G8: =D8/($D$2*24) -> 0.21751389 | H8: =D8/($H$2*24) -> 0.27189236 | I8: 6.5 | J8: 6.74 | K8: =(IF(ISBLANK(J8),0,J8-I8))/I8 -> 0.036923077 | L8: =D8/($D$2*J8) -> 0.77453017 | M8: 1 | N8: 0.9538 | O8: 1073 | P8: 0 | Q8: Inv. 1 & 2 Manually off due to 30 % Load curtailment ALDC Request
A9: =A8+1 -> 46118 | B9: 15938 | C9: 12822 | D9: 15887 | E9: 15680 | F9: =(IF(ISBLANK(E9),0,E9-C9))/C9 -> 0.22289814 | G9: =D9/($D$2*24) -> 0.22065278 | H9: =D9/($H$2*24) -> 0.27581597 | I9: 6.5 | J9: 7.18 | K9: =(IF(ISBLANK(J9),0,J9-I9))/I9 -> 0.10461538 | L9: =D9/($D$2*J9) -> 0.73755803 | M9: 1 | N9: 0.9413 | O9: 1178 | P9: 0 | Q9: Inv. 1 & 2 Manually off due to 30 % Load curtailment ALDC Request
A10: =A9+1 -> 46119 | B10: 15938 | C10: 12822 | D10: 9005 | E10: 8720 | F10: =(IF(ISBLANK(E10),0,E10-C10))/C10 -> -0.31991889 | G10: =D10/($D$2*24) -> 0.12506944 | H10: =D10/($H$2*24) -> 0.15633681 | I10: 6.5 | J10: 5.06 | K10: =(IF(ISBLANK(J10),0,J10-I10))/I10 -> -0.22153846 | L10: =D10/($D$2*J10) -> 0.59321476 | M10: 1 | N10: 0.8153 | O10: 3123 | P10: 0 | Q10: Inv. 1 to 5 Manually off due to 50 % Load curtailment ALDC Request
A11: =A10+1 -> 46120 | B11: 15938 | C11: 12822 | D11: 11125 | E11: 11080 | F11: =(IF(ISBLANK(E11),0,E11-C11))/C11 -> -0.13586024 | G11: =D11/($D$2*24) -> 0.15451389 | H11: =D11/($H$2*24) -> 0.19314236 | I11: 6.5 | J11: 6.5 | K11: =(IF(ISBLANK(J11),0,J11-I11))/I11 -> 0 | L11: =D11/($D$2*J11) -> 0.57051282 | M11: 1 | N11: 0.7542 | O11: 4807 | P11: 0 | Q11: Inv. 6 to 10 Manually off due to 50 % Load curtailment ALDC Request
A12: =A11+1 -> 46121 | B12: 15938 | C12: 12822 | D12: 14319 | E12: 14080 | F12: =(IF(ISBLANK(E12),0,E12-C12))/C12 -> 0.098112619 | G12: =D12/($D$2*24) -> 0.198875 | H12: =D12/($H$2*24) -> 0.24859375 | I12: 6.5 | J12: 6.6 | K12: =(IF(ISBLANK(J12),0,J12-I12))/I12 -> 0.015384615 | L12: =D12/($D$2*J12) -> 0.72318182 | M12: 1 | N12: 0.8875 | O12: 2618 | P12: 0 | Q12: Inv. 6 to 10 Manually off due to 40 % Load curtailment ALDC Request
A13: =A12+1 -> 46122 | B13: 15938 | C13: 12822 | D13: 15402 | E13: 15200 | F13: =(IF(ISBLANK(E13),0,E13-C13))/C13 -> 0.18546249 | G13: =D13/($D$2*24) -> 0.21391667 | H13: =D13/($H$2*24) -> 0.26739583 | I13: 6.5 | J13: 7 | K13: =(IF(ISBLANK(J13),0,J13-I13))/I13 -> 0.076923077 | L13: =D13/($D$2*J13) -> 0.73342857 | M13: 1 | N13: 0.9528 | O13: 1145 | P13: 0 | Q13: Inv.01 & 02 Manually off due to 20 % Load curtailment ALDC Request
A14: =A13+1 -> 46123 | B14: 15938 | C14: 12822 | D14: 16329 | E14: 16200 | F14: =(IF(ISBLANK(E14),0,E14-C14))/C14 -> 0.26345344 | G14: =D14/($D$2*24) -> 0.22679167 | H14: =D14/($H$2*24) -> 0.28348958 | I14: 6.5 | J14: 6.85 | K14: =(IF(ISBLANK(J14),0,J14-I14))/I14 -> 0.053846154 | L14: =D14/($D$2*J14) -> 0.79459854 | M14: 1 | N14: 1 | O14: 0 | P14: 0
A15: =A14+1 -> 46124 | B15: 15938 | C15: 12822 | D15: 16669 | E15: 16320 | F15: =(IF(ISBLANK(E15),0,E15-C15))/C15 -> 0.27281235 | G15: =D15/($D$2*24) -> 0.23151389 | H15: =D15/($H$2*24) -> 0.28939236 | I15: 6.5 | J15: 6.87 | K15: =(IF(ISBLANK(J15),0,J15-I15))/I15 -> 0.056923077 | L15: =D15/($D$2*J15) -> 0.80878214 | M15: 1 | N15: 1 | O15: 0 | P15: 0
A16: =A15+1 -> 46125 | B16: 15938 | C16: 12822 | D16: 16340 | E16: 16160 | F16: =(IF(ISBLANK(E16),0,E16-C16))/C16 -> 0.2603338 | G16: =D16/($D$2*24) -> 0.22694444 | H16: =D16/($H$2*24) -> 0.28368056 | I16: 6.5 | J16: 6.78 | K16: =(IF(ISBLANK(J16),0,J16-I16))/I16 -> 0.043076923 | L16: =D16/($D$2*J16) -> 0.80334317 | M16: 1 | N16: 1 | O16: 0 | P16: 0
A17: =A16+1 -> 46126 | B17: 15938 | C17: 12822 | D17: 16177 | E17: 15960 | F17: =(IF(ISBLANK(E17),0,E17-C17))/C17 -> 0.24473561 | G17: =D17/($D$2*24) -> 0.22468056 | H17: =D17/($H$2*24) -> 0.28085069 | I17: 6.5 | J17: 7.04 | K17: =(IF(ISBLANK(J17),0,J17-I17))/I17 -> 0.083076923 | L17: =D17/($D$2*J17) -> 0.76595644 | M17: 1 | N17: 0.9681 | O17: 847 | P17: 0 | Q17: Inv.01 & 02 Manually off due to 30 % Load curtailment ALDC Request
A18: =A17+1 -> 46127 | B18: 15938 | C18: 12822 | D18: 15713 | E18: 15640 | F18: =(IF(ISBLANK(E18),0,E18-C18))/C18 -> 0.21977851 | G18: =D18/($D$2*24) -> 0.21823611 | H18: =D18/($H$2*24) -> 0.27279514 | I18: 6.5 | J18: 6.84 | K18: =(IF(ISBLANK(J18),0,J18-I18))/I18 -> 0.052307692 | L18: =D18/($D$2*J18) -> 0.76574074 | M18: 1 | N18: 0.9722 | O18: 695 | P18: 0 | Q18: Inv.01 & 02 Manually off due to 30 % Load curtailment ALDC Request
A19: =A18+1 -> 46128 | B19: 15938 | C19: 12822 | D19: 16448 | E19: 16240 | F19: =(IF(ISBLANK(E19),0,E19-C19))/C19 -> 0.26657308 | G19: =D19/($D$2*24) -> 0.22844444 | H19: =D19/($H$2*24) -> 0.28555556 | I19: 6.5 | J19: 6.99 | K19: =(IF(ISBLANK(J19),0,J19-I19))/I19 -> 0.075384615 | L19: =D19/($D$2*J19) -> 0.78435861 | M19: 1 | N19: 0.9833 | O19: 433 | P19: 0 | Q19: Inv.01 & 02 Manually off due to 30 % Load curtailment ALDC Request
A20: =A19+1 -> 46129 | B20: 15938 | C20: 12822 | D20: 16612 | E20: 16280 | F20: =(IF(ISBLANK(E20),0,E20-C20))/C20 -> 0.26969272 | G20: =D20/($D$2*24) -> 0.23072222 | H20: =D20/($H$2*24) -> 0.28840278 | I20: 6.5 | J20: 7.18 | K20: =(IF(ISBLANK(J20),0,J20-I20))/I20 -> 0.10461538 | L20: =D20/($D$2*J20) -> 0.77121634 | M20: 1 | N20: 0.9639 | O20: 950 | P20: 0 | Q20: Inv.01 & 02 Manually off due to 30 % Load curtailment ALDC Request
A21: =A20+1 -> 46130 | B21: 15938 | C21: 12822 | D21: 16957 | E21: 16880 | F21: =(IF(ISBLANK(E21),0,E21-C21))/C21 -> 0.31648729 | G21: =D21/($D$2*24) -> 0.23551389 | H21: =D21/($H$2*24) -> 0.29439236 | I21: 6.5 | J21: 7.26 | K21: =(IF(ISBLANK(J21),0,J21-I21))/I21 -> 0.11692308 | L21: =D21/($D$2*J21) -> 0.77855831 | M21: 1 | N21: 0.9847 | O21: 408 | P21: 0 | Q21: Inv.01 Manually off due to 20 % Load curtailment ALDC Request
A22: =A21+1 -> 46131 | B22: 15938 | C22: 12822 | D22: 16540 | E22: 16280 | F22: =(IF(ISBLANK(E22),0,E22-C22))/C22 -> 0.26969272 | G22: =D22/($D$2*24) -> 0.22972222 | H22: =D22/($H$2*24) -> 0.28715278 | I22: 6.5 | J22: 7.02 | K22: =(IF(ISBLANK(J22),0,J22-I22))/I22 -> 0.08 | L22: =D22/($D$2*J22) -> 0.78537512 | M22: 1 | N22: 0.9681 | O22: 806 | P22: 0 | Q22: Inv.01 Manually off due to 20 % Load curtailment ALDC Request
A23: =A22+1 -> 46132 | B23: 15938 | C23: 12822 | D23: 16514 | E23: 16320 | F23: =(IF(ISBLANK(E23),0,E23-C23))/C23 -> 0.27281235 | G23: =D23/($D$2*24) -> 0.22936111 | H23: =D23/($H$2*24) -> 0.28670139 | I23: 6.5 | J23: 7.11 | K23: =(IF(ISBLANK(J23),0,J23-I23))/I23 -> 0.093846154 | L23: =D23/($D$2*J23) -> 0.77421472 | M23: 1 | N23: 0.9681 | O23: 850 | P23: 0 | Q23: Inv.01 & 02 Manually off due to 30 % Load curtailment ALDC Request
A24: =A23+1 -> 46133 | B24: 15938 | C24: 12822 | D24: 16688 | E24: 16520 | F24: =(IF(ISBLANK(E24),0,E24-C24))/C24 -> 0.28841054 | G24: =D24/($D$2*24) -> 0.23177778 | H24: =D24/($H$2*24) -> 0.28972222 | I24: 6.5 | J24: 7.15 | K24: =(IF(ISBLANK(J24),0,J24-I24))/I24 -> 0.1 | L24: =D24/($D$2*J24) -> 0.77799534 | M24: 1 | N24: 0.9681 | O24: 897 | P24: 0 | Q24: Inv.01 & 02 Manually off due to 30 % Load curtailment ALDC Request
A25: =A24+1 -> 46134 | B25: 15938 | C25: 12822 | D25: 16065 | E25: 15800 | F25: =(IF(ISBLANK(E25),0,E25-C25))/C25 -> 0.23225706 | G25: =D25/($D$2*24) -> 0.223125 | H25: =D25/($H$2*24) -> 0.27890625 | I25: 6.5 | J25: 7.34 | K25: =(IF(ISBLANK(J25),0,J25-I25))/I25 -> 0.12923077 | L25: =D25/($D$2*J25) -> 0.72956403 | M25: 1 | N25: 0.9514 | O25: 1244 | P25: 0 | Q25: Inv.03 & 04 Manually off due to 30 % Load curtailment ALDC Request
A26: =A25+1 -> 46135 | B26: 15938 | C26: 12822 | D26: 16340 | E26: 16160 | F26: =(IF(ISBLANK(E26),0,E26-C26))/C26 -> 0.2603338 | G26: =D26/($D$2*24) -> 0.22694444 | H26: =D26/($H$2*24) -> 0.28368056 | I26: 6.5 | J26: 7.02 | K26: =(IF(ISBLANK(J26),0,J26-I26))/I26 -> 0.08 | L26: =D26/($D$2*J26) -> 0.77587844 | M26: 1 | N26: 0.9833 | O26: 416 | P26: 0 | Q26: Inv.01 Manually off due to 30 % Load curtailment ALDC Request
A27: =A26+1 -> 46136 | B27: 15938 | C27: 12822 | D27: 16436 | E27: 16080 | F27: =(IF(ISBLANK(E27),0,E27-C27))/C27 -> 0.25409453 | G27: =D27/($D$2*24) -> 0.22827778 | H27: =D27/($H$2*24) -> 0.28534722 | I27: 6.5 | J27: 6.83 | K27: =(IF(ISBLANK(J27),0,J27-I27))/I27 -> 0.050769231 | L27: =D27/($D$2*J27) -> 0.80214739 | M27: 1 | N27: 0.9903 | O27: 247 | P27: 0 | Q27: Inv.01 Manually off due to 30 % Load curtailment ALDC Request
A28: =A27+1 -> 46137 | B28: 15938 | C28: 12822 | D28: 16894 | E28: 16800 | F28: =(IF(ISBLANK(E28),0,E28-C28))/C28 -> 0.31024801 | G28: =D28/($D$2*24) -> 0.23463889 | H28: =D28/($H$2*24) -> 0.29329861 | I28: 6.5 | J28: 6.86 | K28: =(IF(ISBLANK(J28),0,J28-I28))/I28 -> 0.055384615 | L28: =D28/($D$2*J28) -> 0.82089407 | M28: 1 | N28: 1 | O28: 0 | P28: 0
A29: =A28+1 -> 46138 | B29: 15938 | C29: 12822 | D29: 17210 | E29: 17040 | F29: =(IF(ISBLANK(E29),0,E29-C29))/C29 -> 0.32896584 | G29: =D29/($D$2*24) -> 0.23902778 | H29: =D29/($H$2*24) -> 0.29878472 | I29: 6.5 | J29: 7 | K29: =(IF(ISBLANK(J29),0,J29-I29))/I29 -> 0.076923077 | L29: =D29/($D$2*J29) -> 0.81952381 | M29: 1 | N29: 1 | O29: 0 | P29: 0
A30: =A29+1 -> 46139 | B30: 15938 | C30: 12822 | F30: =(IF(ISBLANK(E30),0,E30-C30))/C30 -> 0 | G30: =D30/($D$2*24) -> 0 | H30: =D30/($H$2*24) -> 0 | I30: 6.5 | K30: =(IF(ISBLANK(J30),0,J30-I30))/I30 -> 0 | L30: =D30/($D$2*J30) -> #DIV/0!
A31: =A30+1 -> 46140 | B31: 15938 | C31: 12822 | F31: =(IF(ISBLANK(E31),0,E31-C31))/C31 -> 0 | G31: =D31/($D$2*24) -> 0 | H31: =D31/($H$2*24) -> 0 | I31: 6.5 | K31: =(IF(ISBLANK(J31),0,J31-I31))/I31 -> 0 | L31: =D31/($D$2*J31) -> #DIV/0!
A32: =A31+1 -> 46141 | B32: 15938 | C32: 12822 | F32: =(IF(ISBLANK(E32),0,E32-C32))/C32 -> 0 | G32: =D32/($D$2*24) -> 0 | H32: =D32/($H$2*24) -> 0 | I32: 6.5 | K32: =(IF(ISBLANK(J32),0,J32-I32))/I32 -> 0 | L32: =D32/($D$2*J32) -> #DIV/0!
A33: =A32+1 -> 46142 | B33: 15938 | C33: 12822 | F33: =(IF(ISBLANK(E33),0,E33-C33))/C33 -> 0 | G33: =D33/($D$2*24) -> 0 | H33: =D33/($H$2*24) -> 0 | I33: 6.5 | K33: =(IF(ISBLANK(J33),0,J33-I33))/I33 -> 0 | L33: =D33/($D$2*J33) -> #DIV/0!
A34: 46113 | B34: =SUM(B4:B33) -> 478140 | C34: =SUM(C4:C33) -> 384660 | D34: =SUM(D4:D33) -> 403460 | E34: =SUM(E4:E33) -> 398400 | F34: =(IF(ISBLANK(E34),0,E34-C34))/C34 -> 0.035719856 | G34: =AVERAGE(G4:G33) -> 0.18678704 | H34: =AVERAGE(H4:H33) -> 0.2334838 | I34: =SUM(I4:I33) -> 195 | J34: =SUM(J4:J33) -> 176.35 | K34: =(IF(ISBLANK(J34),0,J34-I34))/I34 -> -0.095641026 | L34: =D34/($D$2*J34) -> 0.76261223 | M34: =AVERAGE(M4:M33) -> 0.99758077 | N34: =AVERAGE(N4:N33) -> 0.95925385 | O34: =SUM(O4:O33) -> 23453 | P34: =SUM(P4:P33) -> 1209
A35: 46143 | F35: =(IF(ISBLANK(E35),0,E35-C35))/C35 -> #DIV/0! | G35: =D35/($D$2*24) -> 0 | H35: =D35/($H$2*24) -> 0 | K35: =(IF(ISBLANK(J35),0,J35-I35))/I35 -> #DIV/0! | L35: =D35/($D$2*J35) -> #DIV/0!
A36: =A35+1 -> 46144 | F36: =(IF(ISBLANK(E36),0,E36-C36))/C36 -> #DIV/0! | G36: =D36/($D$2*24) -> 0 | H36: =D36/($H$2*24) -> 0 | K36: =(IF(ISBLANK(J36),0,J36-I36))/I36 -> #DIV/0! | L36: =D36/($D$2*J36) -> #DIV/0!
A37: =A36+1 -> 46145 | F37: =(IF(ISBLANK(E37),0,E37-C37))/C37 -> #DIV/0! | G37: =D37/($D$2*24) -> 0 | H37: =D37/($H$2*24) -> 0 | K37: =(IF(ISBLANK(J37),0,J37-I37))/I37 -> #DIV/0! | L37: =D37/($D$2*J37) -> #DIV/0!
A38: =A37+1 -> 46146 | F38: =(IF(ISBLANK(E38),0,E38-C38))/C38 -> #DIV/0! | G38: =D38/($D$2*24) -> 0 | H38: =D38/($H$2*24) -> 0 | K38: =(IF(ISBLANK(J38),0,J38-I38))/I38 -> #DIV/0! | L38: =D38/($D$2*J38) -> #DIV/0!
A39: =A38+1 -> 46147 | F39: =(IF(ISBLANK(E39),0,E39-C39))/C39 -> #DIV/0! | G39: =D39/($D$2*24) -> 0 | H39: =D39/($H$2*24) -> 0 | K39: =(IF(ISBLANK(J39),0,J39-I39))/I39 -> #DIV/0! | L39: =D39/($D$2*J39) -> #DIV/0!
A40: =A39+1 -> 46148 | F40: =(IF(ISBLANK(E40),0,E40-C40))/C40 -> #DIV/0! | G40: =D40/($D$2*24) -> 0 | H40: =D40/($H$2*24) -> 0 | K40: =(IF(ISBLANK(J40),0,J40-I40))/I40 -> #DIV/0! | L40: =D40/($D$2*J40) -> #DIV/0!
A41: =A40+1 -> 46149 | F41: =(IF(ISBLANK(E41),0,E41-C41))/C41 -> #DIV/0! | G41: =D41/($D$2*24) -> 0 | H41: =D41/($H$2*24) -> 0 | K41: =(IF(ISBLANK(J41),0,J41-I41))/I41 -> #DIV/0! | L41: =D41/($D$2*J41) -> #DIV/0!
A42: =A41+1 -> 46150 | F42: =(IF(ISBLANK(E42),0,E42-C42))/C42 -> #DIV/0! | G42: =D42/($D$2*24) -> 0 | H42: =D42/($H$2*24) -> 0 | K42: =(IF(ISBLANK(J42),0,J42-I42))/I42 -> #DIV/0! | L42: =D42/($D$2*J42) -> #DIV/0!
A43: =A42+1 -> 46151 | F43: =(IF(ISBLANK(E43),0,E43-C43))/C43 -> #DIV/0! | G43: =D43/($D$2*24) -> 0 | H43: =D43/($H$2*24) -> 0 | K43: =(IF(ISBLANK(J43),0,J43-I43))/I43 -> #DIV/0! | L43: =D43/($D$2*J43) -> #DIV/0!
A44: =A43+1 -> 46152 | F44: =(IF(ISBLANK(E44),0,E44-C44))/C44 -> #DIV/0! | G44: =D44/($D$2*24) -> 0 | H44: =D44/($H$2*24) -> 0 | K44: =(IF(ISBLANK(J44),0,J44-I44))/I44 -> #DIV/0! | L44: =D44/($D$2*J44) -> #DIV/0!
A45: =A44+1 -> 46153 | F45: =(IF(ISBLANK(E45),0,E45-C45))/C45 -> #DIV/0! | G45: =D45/($D$2*24) -> 0 | H45: =D45/($H$2*24) -> 0 | K45: =(IF(ISBLANK(J45),0,J45-I45))/I45 -> #DIV/0! | L45: =D45/($D$2*J45) -> #DIV/0!
A46: =A45+1 -> 46154 | F46: =(IF(ISBLANK(E46),0,E46-C46))/C46 -> #DIV/0! | G46: =D46/($D$2*24) -> 0 | H46: =D46/($H$2*24) -> 0 | K46: =(IF(ISBLANK(J46),0,J46-I46))/I46 -> #DIV/0! | L46: =D46/($D$2*J46) -> #DIV/0!
A47: =A46+1 -> 46155 | F47: =(IF(ISBLANK(E47),0,E47-C47))/C47 -> #DIV/0! | G47: =D47/($D$2*24) -> 0 | H47: =D47/($H$2*24) -> 0 | K47: =(IF(ISBLANK(J47),0,J47-I47))/I47 -> #DIV/0! | L47: =D47/($D$2*J47) -> #DIV/0!
... A65: =A64+1 -> 46173 | F65: =(IF(ISBLANK(E65),0,E65-C65))/C65 -> #DIV/0! | G65: =D65/($D$2*24) -> 0 | H65: =D65/($H$2*24) -> 0 | K65: =(IF(ISBLANK(J65),0,J65-I65))/I65 -> #DIV/0! | L65: =D65/($D$2*J65) -> #DIV/0!
A66: 46143 | B66: =SUM(B35:B65) -> 0 | C66: =SUM(C35:C65) -> 0 | D66: =SUM(D35:D65) -> 0 | E66: =SUM(E35:E65) -> 0 | F66: =(IF(ISBLANK(E66),0,E66-C66))/C66 -> #DIV/0! | G66: =AVERAGE(G35:G65) -> 0 | H66: =AVERAGE(H35:H65) -> 0 | I66: =SUM(I35:I65) -> 0 | J66: =SUM(J35:J65) -> 0 | K66: =(IF(ISBLANK(J66),0,J66-I66))/I66 -> #DIV/0! | L66: =D66/($D$2*J66) -> #DIV/0! | M66: =AVERAGE(M35:M65) -> #DIV/0! | N66: =AVERAGE(N35:N65) -> #DIV/0! | O66: =SUM(O35:O65) -> 0 | P66: =SUM(P35:P65) -> 0

Sheet Universal
A1: Generation Details_Universal Craft_Nani Chandur_GJ.
A2: 46113 | B2: DC Capacity (kWp): | D2: 1500 | E2: AC capacity (kWp): | H2: 1200 | I2: COD : | K2: 44549
A3: Month | B3: Expected Generation | C3: Guaranteed Generation (kWh) | D3: Inverter Generation (kWh) | E3: ABT Meter Generation at Plant End (kWh) | F3: Generation difference (KWh) | G3: DC-CUF | H3: AC-CUF | I3: Pvsyst Irradiation (kWh/m2) | J3: Actual Irradiation (kWh/m2) | K3: Radiation Difference (KWh/m2) | L3: PR | M3: Plant Availability | N3: Grid Availability | O3: Losses due to Grid Unavailability | P3: Losses due to Plant Unavailability | Q3: Remarks
A4: =A2 -> 46113 | B4: 8706 | C4: 7165 | D4: 7914 | E4: 7860 | F4: =(IF(ISBLANK(E4),0,E4-C4))/C4 -> 0.096999302 | G4: =D4/($D$2*24) -> 0.21983333 | H4: =D4/($H$2*24) -> 0.27479167 | I4: 7.12 | J4: 6.78 | K4: =(IF(ISBLANK(J4),0,J4-I4))/I4 -> -0.047752809 | L4: =D4/($D$2*J4) -> 0.77817109 | M4: 1 | N4: 0.9413 | O4: 758 | P4: 0 | Q4: 20 % Load curtailment ALDC Request
A5: =A4+1 -> 46114 | B5: 8706 | C5: 7165 | D5: 7825 | E5: 7760 | F5: =(IF(ISBLANK(E5),0,E5-C5))/C5 -> 0.083042568 | G5: =D5/($D$2*24) -> 0.21736111 | H5: =D5/($H$2*24) -> 0.27170139 | I5: 7.12 | J5: 6.51 | K5: =(IF(ISBLANK(J5),0,J5-I5))/I5 -> -0.085674157 | L5: =D5/($D$2*J5) -> 0.80133129 | M5: 1 | N5: 0.9692 | O5: 423 | P5: 0 | Q5: 10 % Load curtailment ALDC Request
A6: =A5+1 -> 46115 | B6: 8706 | C6: 7165 | D6: 6453 | E6: 6400 | F6: =(IF(ISBLANK(E6),0,E6-C6))/C6 -> -0.10676902 | G6: =D6/($D$2*24) -> 0.17925 | H6: =D6/($H$2*24) -> 0.2240625 | I6: 7.12 | J6: 5.1 | K6: =(IF(ISBLANK(J6),0,J6-I6))/I6 -> -0.28370787 | L6: =D6/($D$2*J6) -> 0.84352941 | M6: 1 | N6: 1 | O6: 0 | P6: 0
A7: =A6+1 -> 46116 | B7: 8706 | C7: 7165 | D7: 9258 | E7: 9180 | F7: =(IF(ISBLANK(E7),0,E7-C7))/C7 -> 0.28122819 | G7: =D7/($D$2*24) -> 0.25716667 | H7: =D7/($H$2*24) -> 0.32145833 | I7: 7.12 | J7: 7.65 | K7: =(IF(ISBLANK(J7),0,J7-I7))/I7 -> 0.074438202 | L7: =D7/($D$2*J7) -> 0.80679739 | M7: 1 | N7: 1 | O7: 0 | P7: 0
A8: =A7+1 -> 46117 | B8: 8706 | C8: 7165 | D8: 8596 | E8: 8460 | F8: =(IF(ISBLANK(E8),0,E8-C8))/C8 -> 0.18073971 | G8: =D8/($D$2*24) -> 0.23877778 | H8: =D8/($H$2*24) -> 0.29847222 | I8: 7.12 | J8: 6.89 | K8: =(IF(ISBLANK(J8),0,J8-I8))/I8 -> -0.032303371 | L8: =D8/($D$2*J8) -> 0.83173682 | M8: 1 | N8: 0.958 | O8: 507 | P8: 0 | Q8: 30 % Load curtailment ALDC Request
A9: =A8+1 -> 46118 | B9: 8706 | C9: 7165 | D9: 8197 | E9: 8080 | F9: =(IF(ISBLANK(E9),0,E9-C9))/C9 -> 0.12770412 | G9: =D9/($D$2*24) -> 0.22769444 | H9: =D9/($H$2*24) -> 0.28461806 | I9: 7.12 | J9: 7.18 | K9: =(IF(ISBLANK(J9),0,J9-I9))/I9 -> 0.0084269663 | L9: =D9/($D$2*J9) -> 0.76109564 | M9: 0.951 | N9: 0.9049 | O9: 1149 | P9: 207 | Q9: 30 % Load curtailment ALDC Request & Jumper Burn At PSS End
A10: =A9+1 -> 46119 | B10: 8706 | C10: 7165 | D10: 4962 | E10: 4900 | F10: =(IF(ISBLANK(E10),0,E10-C10))/C10 -> -0.31612003 | G10: =D10/($D$2*24) -> 0.13783333 | H10: =D10/($H$2*24) -> 0.17229167 | I10: 7.12 | J10: 5.24 | K10: =(IF(ISBLANK(J10),0,J10-I10))/I10 -> -0.26404494 | L10: =D10/($D$2*J10) -> 0.63129771 | M10: 1 | N10: 0.8694 | O10: 1285 | P10: 0 | Q10: Inv. 3 & 4 Manually off due to 50 % Load curtailment ALDC Request
A11: =A10+1 -> 46120 | B11: 8706 | C11: 7165 | D11: 5798 | E11: 5720 | F11: =(IF(ISBLANK(E11),0,E11-C11))/C11 -> -0.20167481 | G11: =D11/($D$2*24) -> 0.16105556 | H11: =D11/($H$2*24) -> 0.20131944 | I11: 7.12 | J11: 6.5 | K11: =(IF(ISBLANK(J11),0,J11-I11))/I11 -> -0.087078652 | L11: =D11/($D$2*J11) -> 0.59466667 | M11: 1 | N11: 0.7292 | O11: 2860 | P11: 0 | Q11: Inv. 3 , 4 5 Manually off due to 50 % Load curtailment ALDC Request
A12: =A11+1 -> 46121 | B12: 8706 | C12: 7165 | D12: 7562 | E12: 7460 | F12: =(IF(ISBLANK(E12),0,E12-C12))/C12 -> 0.041172366 | G12: =D12/($D$2*24) -> 0.21005556 | H12: =D12/($H$2*24) -> 0.26256944 | I12: 7.12 | J12: 6.6 | K12: =(IF(ISBLANK(J12),0,J12-I12))/I12 -> -0.073033708 | L12: =D12/($D$2*J12) -> 0.76383838 | M12: 1 | N12: 0.9139 | O12: 1053 | P12: 0 | Q12: Inv. 3 , 4 Manually off due to 40 % Load curtailment ALDC Request
A13: =A12+1 -> 46122 | B13: 8706 | C13: 7165 | D13: 8008 | E13: 7920 | F13: =(IF(ISBLANK(E13),0,E13-C13))/C13 -> 0.10537334 | G13: =D13/($D$2*24) -> 0.22244444 | H13: =D13/($H$2*24) -> 0.27805556 | I13: 7.12 | J13: 7.17 | K13: =(IF(ISBLANK(J13),0,J13-I13))/I13 -> 0.0070224719 | L13: =D13/($D$2*J13) -> 0.74458391 | M13: 1 | N13: 0.9528 | O13: 577 | P13: 0 | Q13: Inv.03 Manually off due to 20 % Load curtailment ALDC Request
A14: =A13+1 -> 46123 | B14: 8706 | C14: 7165 | D14: 8496 | E14: 8380 | F14: =(IF(ISBLANK(E14),0,E14-C14))/C14 -> 0.16957432 | G14: =D14/($D$2*24) -> 0.236 | H14: =D14/($H$2*24) -> 0.295 | I14: 7.12 | J14: 7.18 | K14: =(IF(ISBLANK(J14),0,J14-I14))/I14 -> 0.0084269663 | L14: =D14/($D$2*J14) -> 0.78885794 | M14: 1 | N14: 1 | O14: 0 | P14: 0
A15: =A14+1 -> 46124 | B15: 8706 | C15: 7165 | D15: 8613 | E15: 8460 | F15: =(IF(ISBLANK(E15),0,E15-C15))/C15 -> 0.18073971 | G15: =D15/($D$2*24) -> 0.23925 | H15: =D15/($H$2*24) -> 0.2990625 | I15: 7.12 | J15: 7.12 | K15: =(IF(ISBLANK(J15),0,J15-I15))/I15 -> 0 | L15: =D15/($D$2*J15) -> 0.80646067 | M15: 1 | N15: 1 | O15: 0 | P15: 0
A16: =A15+1 -> 46125 | B16: 8706 | C16: 7165 | D16: 8459 | E16: 8320 | F16: =(IF(ISBLANK(E16),0,E16-C16))/C16 -> 0.16120028 | G16: =D16/($D$2*24) -> 0.23497222 | H16: =D16/($H$2*24) -> 0.29371528 | I16: 7.12 | J16: 6.91 | K16: =(IF(ISBLANK(J16),0,J16-I16))/I16 -> -0.029494382 | L16: =D16/($D$2*J16) -> 0.81611192 | M16: 1 | N16: 1 | O16: 0 | P16: 0
A17: =A16+1 -> 46126 | B17: 8706 | C17: 7165 | D17: 8505 | E17: 8420 | F17: =(IF(ISBLANK(E17),0,E17-C17))/C17 -> 0.17515701 | G17: =D17/($D$2*24) -> 0.23625 | H17: =D17/($H$2*24) -> 0.2953125 | I17: 7.12 | J17: 7.22 | K17: =(IF(ISBLANK(J17),0,J17-I17))/I17 -> 0.014044944 | L17: =D17/($D$2*J17) -> 0.78531856 | M17: 1 | N17: 0.9736 | O17: 361 | P17: 0 | Q17: Inv.03 Manually off due to 30 % Load curtailment ALDC Request
A18: =A17+1 -> 46127 | B18: 8706 | C18: 7165 | D18: 8137 | E18: 8040 | F18: =(IF(ISBLANK(E18),0,E18-C18))/C18 -> 0.12212142 | G18: =D18/($D$2*24) -> 0.22602778 | H18: =D18/($H$2*24) -> 0.28253472 | I18: 7.12 | J18: 6.97 | K18: =(IF(ISBLANK(J18),0,J18-I18))/I18 -> -0.021067416 | L18: =D18/($D$2*J18) -> 0.7782879 | M18: 1 | N18: 0.9653 | O18: 432 | P18: 0 | Q18: Inv.03 Manually off due to 30 % Load curtailment ALDC Request
A19: =A18+1 -> 46128 | B19: 8706 | C19: 7165 | D19: 8533 | E19: 8440 | F19: =(IF(ISBLANK(E19),0,E19-C19))/C19 -> 0.17794836 | G19: =D19/($D$2*24) -> 0.23702778 | H19: =D19/($H$2*24) -> 0.29628472 | I19: 7.12 | J19: 7.1 | K19: =(IF(ISBLANK(J19),0,J19-I19))/I19 -> -0.0028089888 | L19: =D19/($D$2*J19) -> 0.80122066 | M19: 1 | N19: 0.9806 | O19: 249 | P19: 0 | Q19: Inv.03 Manually off due to 30 % Load curtailment ALDC Request
A20: =A19+1 -> 46129 | B20: 8706 | C20: 7165 | D20: 8555 | E20: 8420 | F20: =(IF(ISBLANK(E20),0,E20-C20))/C20 -> 0.17515701 | G20: =D20/($D$2*24) -> 0.23763889 | H20: =D20/($H$2*24) -> 0.29704861 | I20: 7.12 | J20: 7.41 | K20: =(IF(ISBLANK(J20),0,J20-I20))/I20 -> 0.040730337 | L20: =D20/($D$2*J20) -> 0.76968061 | M20: 1 | N20: 0.9542 | O20: 597 | P20: 0 | Q20: Inv.03 Manually off due to 30 % Load curtailment ALDC Request
A21: =A20+1 -> 46130 | B21: 8706 | C21: 7165 | D21: 8789 | E21: 8640 | F21: =(IF(ISBLANK(E21),0,E21-C21))/C21 -> 0.20586183 | G21: =D21/($D$2*24) -> 0.24413889 | H21: =D21/($H$2*24) -> 0.30517361 | I21: 7.12 | J21: 7.3 | K21: =(IF(ISBLANK(J21),0,J21-I21))/I21 -> 0.025280899 | L21: =D21/($D$2*J21) -> 0.8026484 | M21: 1 | N21: 0.9694 | O21: 422 | P21: 0 | Q21: Inv.06 Manually off due to 20 % Load curtailment ALDC Request
A22: =A21+1 -> 46131 | B22: 8706 | C22: 7165 | D22: 8555 | E22: 8440 | F22: =(IF(ISBLANK(E22),0,E22-C22))/C22 -> 0.17794836 | G22: =D22/($D$2*24) -> 0.23763889 | H22: =D22/($H$2*24) -> 0.29704861 | I22: 7.12 | J22: 7.19 | K22: =(IF(ISBLANK(J22),0,J22-I22))/I22 -> 0.0098314607 | L22: =D22/($D$2*J22) -> 0.79323134 | M22: 1 | N22: 0.9333 | O22: 862 | P22: 0 | Q22: Inv.06 Manually off due to 20 % Load curtailment ALDC Request
A23: =A22+1 -> 46132 | B23: 8706 | C23: 7165 | D23: 8462 | E23: 8320 | F23: =(IF(ISBLANK(E23),0,E23-C23))/C23 -> 0.16120028 | G23: =D23/($D$2*24) -> 0.23505556 | H23: =D23/($H$2*24) -> 0.29381944 | I23: 7.12 | J23: 7.21 | K23: =(IF(ISBLANK(J23),0,J23-I23))/I23 -> 0.012640449 | L23: =D23/($D$2*J23) -> 0.78243181 | M23: 1 | N23: 0.9583 | O23: 547 | P23: 0 | Q23: Inv.03 Manually off due to 30 % Load curtailment ALDC Request
A24: =A23+1 -> 46133 | B24: 8706 | C24: 7165 | D24: 8520 | E24: 8360 | F24: =(IF(ISBLANK(E24),0,E24-C24))/C24 -> 0.16678297 | G24: =D24/($D$2*24) -> 0.23666667 | H24: =D24/($H$2*24) -> 0.29583333 | I24: 7.12 | J24: 7.25 | K24: =(IF(ISBLANK(J24),0,J24-I24))/I24 -> 0.018258427 | L24: =D24/($D$2*J24) -> 0.78344828 | M24: 1 | N24: 0.9667 | O24: 449 | P24: 0 | Q24: Inv.03 Manually off due to 30 % Load curtailment ALDC Request
A25: =A24+1 -> 46134 | B25: 8706 | C25: 7165 | D25: 8361 | E25: 8220 | F25: =(IF(ISBLANK(E25),0,E25-C25))/C25 -> 0.14724355 | G25: =D25/($D$2*24) -> 0.23225 | H25: =D25/($H$2*24) -> 0.2903125 | I25: 7.12 | J25: 7.07 | K25: =(IF(ISBLANK(J25),0,J25-I25))/I25 -> -0.0070224719 | L25: =D25/($D$2*J25) -> 0.7884017 | M25: 1 | N25: 0.9514 | O25: 645 | P25: 0 | Q25: Inv.06 Manually off due to 30 % Load curtailment ALDC Request
A26: =A25+1 -> 46135 | B26: 8706 | C26: 7165 | D26: 8534 | E26: 8400 | F26: =(IF(ISBLANK(E26),0,E26-C26))/C26 -> 0.17236567 | G26: =D26/($D$2*24) -> 0.23705556 | H26: =D26/($H$2*24) -> 0.29631944 | I26: 7.12 | J26: 7.37 | K26: =(IF(ISBLANK(J26),0,J26-I26))/I26 -> 0.03511236 | L26: =D26/($D$2*J26) -> 0.77195839 | M26: 1 | N26: 0.9597 | O26: 523 | P26: 0 | Q26: 20 % Load curtailment ALDC Request
A27: =A26+1 -> 46136 | B27: 8706 | C27: 7165 | D27: 8698 | E27: 8500 | F27: =(IF(ISBLANK(E27),0,E27-C27))/C27 -> 0.1863224 | G27: =D27/($D$2*24) -> 0.24161111 | H27: =D27/($H$2*24) -> 0.30201389 | I27: 7.12 | J27: 7.25 | K27: =(IF(ISBLANK(J27),0,J27-I27))/I27 -> 0.018258427 | L27: =D27/($D$2*J27) -> 0.79981609 | M27: 1 | N27: 0.9778 | O27: 298 | P27: 0 | Q27: 20 % Load curtailment ALDC Request
A28: =A27+1 -> 46137 | B28: 8706 | C28: 7165 | D28: 8673 | E28: 8520 | F28: =(IF(ISBLANK(E28),0,E28-C28))/C28 -> 0.18911375 | G28: =D28/($D$2*24) -> 0.24091667 | H28: =D28/($H$2*24) -> 0.30114583 | I28: 7.12 | J28: 7.28 | K28: =(IF(ISBLANK(J28),0,J28-I28))/I28 -> 0.02247191 | L28: =D28/($D$2*J28) -> 0.79423077 | M28: 1 | N28: 1 | O28: 0 | P28: 0
A29: =A28+1 -> 46138 | B29: 8706 | C29: 7165 | D29: 8818 | E29: 8680 | F29: =(IF(ISBLANK(E29),0,E29-C29))/C29 -> 0.21144452 | G29: =D29/($D$2*24) -> 0.24494444 | H29: =D29/($H$2*24) -> 0.30618056 | I29: 7.12 | J29: 7.11 | K29: =(IF(ISBLANK(J29),0,J29-I29))/I29 -> -0.0014044944 | L29: =D29/($D$2*J29) -> 0.82681669 | M29: 1 | N29: 1 | O29: 0 | P29: 0
A30: =A29+1 -> 46139 | B30: 8706 | C30: 7165 | F30: =(IF(ISBLANK(E30),0,E30-C30))/C30 -> 0 | G30: =D30/($D$2*24) -> 0 | H30: =D30/($H$2*24) -> 0 | I30: 7.12 | K30: =(IF(ISBLANK(J30),0,J30-I30))/I30 -> 0 | L30: =D30/($D$2*J30) -> #DIV/0!
A31: =A30+1 -> 46140 | B31: 8706 | C31: 7165 | F31: =(IF(ISBLANK(E31),0,E31-C31))/C31 -> 0 | G31: =D31/($D$2*24) -> 0 | H31: =D31/($H$2*24) -> 0 | I31: 7.12 | K31: =(IF(ISBLANK(J31),0,J31-I31))/I31 -> 0 | L31: =D31/($D$2*J31) -> #DIV/0!
A32: =A31+1 -> 46141 | B32: 8706 | C32: 7165 | F32: =(IF(ISBLANK(E32),0,E32-C32))/C32 -> 0 | G32: =D32/($D$2*24) -> 0 | H32: =D32/($H$2*24) -> 0 | I32: 7.12 | K32: =(IF(ISBLANK(J32),0,J32-I32))/I32 -> 0 | L32: =D32/($D$2*J32) -> #DIV/0!
A33: =A32+1 -> 46142 | B33: 8706 | C33: 7165 | F33: =(IF(ISBLANK(E33),0,E33-C33))/C33 -> 0 | G33: =D33/($D$2*24) -> 0 | H33: =D33/($H$2*24) -> 0 | I33: 7.12 | K33: =(IF(ISBLANK(J33),0,J33-I33))/I33 -> 0 | L33: =D33/($D$2*J33) -> #DIV/0!
A34: 46113 | B34: =SUM(B4:B33) -> 261180 | C34: =SUM(C4:C33) -> 214950 | D34: =SUM(D4:D33) -> 211281 | E34: =SUM(E4:E33) -> 208300 | F34: =(IF(ISBLANK(E34),0,E34-C34))/C34 -> -0.030937427 | G34: =AVERAGE(G4:G33) -> 0.19563056 | H34: =AVERAGE(H4:H33) -> 0.24453819 | I34: =SUM(I4:I33) -> 213.6 | J34: =SUM(J4:J33) -> 180.56 | K34: =(IF(ISBLANK(J34),0,J34-I34))/I34 -> -0.15468165 | L34: =D34/($D$2*J34) -> 0.78009526 | M34: =AVERAGE(M4:M33) -> 0.99811538 | N34: =AVERAGE(N4:N33) -> 0.95496154 | O34: =SUM(O4:O33) -> 13997 | P34: =SUM(P4:P33) -> 207
A35: 46143 | F35: =(IF(ISBLANK(E35),0,E35-C35))/C35 -> #DIV/0! | G35: =D35/($D$2*24) -> 0 | H35: =D35/($H$2*24) -> 0 | K35: =(IF(ISBLANK(J35),0,J35-I35))/I35 -> #DIV/0! | L35: =D35/($D$2*J35) -> #DIV/0!
A36: =A35+1 -> 46144 | F36: =(IF(ISBLANK(E36),0,E36-C36))/C36 -> #DIV/0! | G36: =D36/($D$2*24) -> 0 | H36: =D36/($H$2*24) -> 0 | K36: =(IF(ISBLANK(J36),0,J36-I36))/I36 -> #DIV/0! | L36: =D36/($D$2*J36) -> #DIV/0!
A37: =A36+1 -> 46145 | F37: =(IF(ISBLANK(E37),0,E37-C37))/C37 -> #DIV/0! | G37: =D37/($D$2*24) -> 0 | H37: =D37/($H$2*24) -> 0 | K37: =(IF(ISBLANK(J37),0,J37-I37))/I37 -> #DIV/0! | L37: =D37/($D$2*J37) -> #DIV/0!
A38: =A37+1 -> 46146 | F38: =(IF(ISBLANK(E38),0,E38-C38))/C38 -> #DIV/0! | G38: =D38/($D$2*24) -> 0 | H38: =D38/($H$2*24) -> 0 | K38: =(IF(ISBLANK(J38),0,J38-I38))/I38 -> #DIV/0! | L38: =D38/($D$2*J38) -> #DIV/0!
A39: =A38+1 -> 46147 | F39: =(IF(ISBLANK(E39),0,E39-C39))/C39 -> #DIV/0! | G39: =D39/($D$2*24) -> 0 | H39: =D39/($H$2*24) -> 0 | K39: =(IF(ISBLANK(J39),0,J39-I39))/I39 -> #DIV/0! | L39: =D39/($D$2*J39) -> #DIV/0!
A40: =A39+1 -> 46148 | F40: =(IF(ISBLANK(E40),0,E40-C40))/C40 -> #DIV/0! | G40: =D40/($D$2*24) -> 0 | H40: =D40/($H$2*24) -> 0 | K40: =(IF(ISBLANK(J40),0,J40-I40))/I40 -> #DIV/0! | L40: =D40/($D$2*J40) -> #DIV/0!
A41: =A40+1 -> 46149 | F41: =(IF(ISBLANK(E41),0,E41-C41))/C41 -> #DIV/0! | G41: =D41/($D$2*24) -> 0 | H41: =D41/($H$2*24) -> 0 | K41: =(IF(ISBLANK(J41),0,J41-I41))/I41 -> #DIV/0! | L41: =D41/($D$2*J41) -> #DIV/0!
A42: =A41+1 -> 46150 | F42: =(IF(ISBLANK(E42),0,E42-C42))/C42 -> #DIV/0! | G42: =D42/($D$2*24) -> 0 | H42: =D42/($H$2*24) -> 0 | K42: =(IF(ISBLANK(J42),0,J42-I42))/I42 -> #DIV/0! | L42: =D42/($D$2*J42) -> #DIV/0!
A43: =A42+1 -> 46151 | F43: =(IF(ISBLANK(E43),0,E43-C43))/C43 -> #DIV/0! | G43: =D43/($D$2*24) -> 0 | H43: =D43/($H$2*24) -> 0 | K43: =(IF(ISBLANK(J43),0,J43-I43))/I43 -> #DIV/0! | L43: =D43/($D$2*J43) -> #DIV/0!
A44: =A43+1 -> 46152 | F44: =(IF(ISBLANK(E44),0,E44-C44))/C44 -> #DIV/0! | G44: =D44/($D$2*24) -> 0 | H44: =D44/($H$2*24) -> 0 | K44: =(IF(ISBLANK(J44),0,J44-I44))/I44 -> #DIV/0! | L44: =D44/($D$2*J44) -> #DIV/0!
A45: =A44+1 -> 46153 | F45: =(IF(ISBLANK(E45),0,E45-C45))/C45 -> #DIV/0! | G45: =D45/($D$2*24) -> 0 | H45: =D45/($H$2*24) -> 0 | K45: =(IF(ISBLANK(J45),0,J45-I45))/I45 -> #DIV/0! | L45: =D45/($D$2*J45) -> #DIV/0!
A46: =A45+1 -> 46154 | F46: =(IF(ISBLANK(E46),0,E46-C46))/C46 -> #DIV/0! | G46: =D46/($D$2*24) -> 0 | H46: =D46/($H$2*24) -> 0 | K46: =(IF(ISBLANK(J46),0,J46-I46))/I46 -> #DIV/0! | L46: =D46/($D$2*J46) -> #DIV/0!
A47: =A46+1 -> 46155 | F47: =(IF(ISBLANK(E47),0,E47-C47))/C47 -> #DIV/0! | G47: =D47/($D$2*24) -> 0 | H47: =D47/($H$2*24) -> 0 | K47: =(IF(ISBLANK(J47),0,J47-I47))/I47 -> #DIV/0! | L47: =D47/($D$2*J47) -> #DIV/0!
... A65: =A64+1 -> 46173 | F65: =(IF(ISBLANK(E65),0,E65-C65))/C65 -> #DIV/0! | G65: =D65/($D$2*24) -> 0 | H65: =D65/($H$2*24) -> 0 | K65: =(IF(ISBLANK(J65),0,J65-I65))/I65 -> #DIV/0! | L65: =D65/($D$2*J65) -> #DIV/0!
A66: 46143 | B66: =SUM(B35:B65) -> 0 | C66: =SUM(C35:C65) -> 0 | D66: =SUM(D35:D65) -> 0 | E66: =SUM(E35:E65) -> 0 | F66: =(IF(ISBLANK(E66),0,E66-C66))/C66 -> #DIV/0! | G66: =AVERAGE(G35:G65) -> 0 | H66: =AVERAGE(H35:H65) -> 0 | I66: =SUM(I35:I65) -> 0 | J66: =SUM(J35:J65) -> 0 | K66: =(IF(ISBLANK(J66),0,J66-I66))/I66 -> #DIV/0! | L66: =D66/($D$2*J66) -> #DIV/0! | M66: =AVERAGE(M35:M65) -> #DIV/0! | N66: =AVERAGE(N35:N65) -> #DIV/0! | O66: =SUM(O35:O65) -> 0 | P66: =SUM(P35:P65) -> 0

Sheet Aditya-Arka
A1: Generation Details_Aditya & Arka Energy_Nani Chandur_GJ.
A2: 46113 | B2: DC Capacity (kWp): | D2: 1788 | E2: AC capacity (kWp): | H2: 1500 | I2: COD : | K2: 44050
A3: Month | B3: Expected Generation | C3: Guaranteed Generation (kWh) | D3: Inverter Generation (kWh) | E3: ABT Meter Generation at Plant End (kWh) | F3: Generation difference (KWh) | G3: DC-CUF | H3: AC-CUF | I3: Pvsyst Irradiation (kWh/m2) | J3: Actual Irradiation (kWh/m2) | K3: Radiation Difference (KWh/m2) | L3: PR | M3: Plant Availability | N3: Grid Availability | O3: Losses due to Grid Unavailability | P3: Losses due to Plant Unavailability | Q3: Remarks
A4: =A2 -> 46113 | B4: 8938 | C4: 7442 | D4: 9247 | E4: 9105 | F4: =(IF(ISBLANK(E4),0,E4-C4))/C4 -> 0.22346144 | G4: =D4/($D$2*24) -> 0.21548751 | H4: =D4/($H$2*24) -> 0.25686111 | I4: 6.51 | J4: 6.78 | K4: =(IF(ISBLANK(J4),0,J4-I4))/I4 -> 0.041474654 | L4: =D4/($D$2*J4) -> 0.76278764 | M4: 1 | N4: 0.9413 | O4: 886 | P4: 0 | Q4: 20 % Load curtailment ALDC Request
A5: =A4+1 -> 46114 | B5: 8938 | C5: 7442 | D5: 9215 | E5: 9195 | F5: =(IF(ISBLANK(E5),0,E5-C5))/C5 -> 0.23555496 | G5: =D5/($D$2*24) -> 0.2147418 | H5: =D5/($H$2*24) -> 0.25597222 | I5: 6.51 | J5: 6.51 | K5: =(IF(ISBLANK(J5),0,J5-I5))/I5 -> 0 | L5: =D5/($D$2*J5) -> 0.79167483 | M5: 1 | N5: 0.9692 | O5: 478 | P5: 0 | Q5: 10 % Load curtailment ALDC Request
A6: =A5+1 -> 46115 | B6: 8938 | C6: 7442 | D6: 7355 | E6: 7350 | F6: =(IF(ISBLANK(E6),0,E6-C6))/C6 -> -0.012362268 | G6: =D6/($D$2*24) -> 0.17139728 | H6: =D6/($H$2*24) -> 0.20430556 | I6: 6.51 | J6: 5.1 | K6: =(IF(ISBLANK(J6),0,J6-I6))/I6 -> -0.21658986 | L6: =D6/($D$2*J6) -> 0.80657543 | M6: 1 | N6: 1 | O6: 0 | P6: 0
A7: =A6+1 -> 46116 | B7: 8938 | C7: 7442 | D7: 9095 | E7: 9030 | F7: =(IF(ISBLANK(E7),0,E7-C7))/C7 -> 0.2133835 | G7: =D7/($D$2*24) -> 0.21194538 | H7: =D7/($H$2*24) -> 0.25263889 | I7: 6.51 | J7: 7.65 | K7: =(IF(ISBLANK(J7),0,J7-I7))/I7 -> 0.17511521 | L7: =D7/($D$2*J7) -> 0.66492667 | M7: 1 | N7: 0.9021 | O7: 1293 | P7: 0 | Q7: Jumper Burn at GSS End
A8: =A7+1 -> 46117 | B8: 8938 | C8: 7442 | D8: 10227 | E8: 10170 | F8: =(IF(ISBLANK(E8),0,E8-C8))/C8 -> 0.36656813 | G8: =D8/($D$2*24) -> 0.23832494 | H8: =D8/($H$2*24) -> 0.28408333 | I8: 6.51 | J8: 6.89 | K8: =(IF(ISBLANK(J8),0,J8-I8))/I8 -> 0.058371736 | L8: =D8/($D$2*J8) -> 0.83015946 | M8: 1 | N8: 0.958 | O8: 604 | P8: 0 | Q8: 30 % Load curtailment ALDC Request
A9: =A8+1 -> 46118 | B9: 8938 | C9: 7442 | D9: 9949 | E9: 9945 | F9: =(IF(ISBLANK(E9),0,E9-C9))/C9 -> 0.33633432 | G9: =D9/($D$2*24) -> 0.23184657 | H9: =D9/($H$2*24) -> 0.27636111 | I9: 6.51 | J9: 7.18 | K9: =(IF(ISBLANK(J9),0,J9-I9))/I9 -> 0.10291859 | L9: =D9/($D$2*J9) -> 0.77497461 | M9: 1 | N9: 0.9049 | O9: 1395 | P9: 0 | Q9: 30 % Load curtailment ALDC Request
A10: =A9+1 -> 46119 | B10: 8938 | C10: 7442 | D10: 5469 | E10: 5460 | F10: =(IF(ISBLANK(E10),0,E10-C10))/C10 -> -0.26632626 | G10: =D10/($D$2*24) -> 0.12744687 | H10: =D10/($H$2*24) -> 0.15191667 | I10: 6.51 | J10: 5.24 | K10: =(IF(ISBLANK(J10),0,J10-I10))/I10 -> -0.19508449 | L10: =D10/($D$2*J10) -> 0.58372611 | M10: 1 | N10: 0.8056 | O10: 2017 | P10: 0 | Q10: Inv. 1,2 , 5 , 6 Manually off due to 50 % Load curtailment ALDC Request
A11: =A10+1 -> 46120 | B11: 8938 | C11: 7442 | D11: 6463 | E11: 6390 | F11: =(IF(ISBLANK(E11),0,E11-C11))/C11 -> -0.14135985 | G11: =D11/($D$2*24) -> 0.15061055 | H11: =D11/($H$2*24) -> 0.17952778 | I11: 6.51 | J11: 6.5 | K11: =(IF(ISBLANK(J11),0,J11-I11))/I11 -> -0.0015360983 | L11: =D11/($D$2*J11) -> 0.5561005 | M11: 1 | N11: 0.7194 | O11: 3299 | P11: 0 | Q11: Inv. 1,2 , 5 , 6 Manually off due to 50 % Load curtailment ALDC Request
A12: =A11+1 -> 46121 | B12: 8938 | C12: 7442 | D12: 8936 | E12: 8985 | F12: =(IF(ISBLANK(E12),0,E12-C12))/C12 -> 0.20733674 | G12: =D12/($D$2*24) -> 0.20824012 | H12: =D12/($H$2*24) -> 0.24822222 | I12: 6.51 | J12: 6.6 | K12: =(IF(ISBLANK(J12),0,J12-I12))/I12 -> 0.013824885 | L12: =D12/($D$2*J12) -> 0.7572368 | M12: 1 | N12: 0.9056 | O12: 1405 | P12: 0 | Q12: Inv. 1,2 , 5 Manually off due to 40 % Load curtailment ALDC Request
A13: =A12+1 -> 46122 | B13: 8938 | C13: 7442 | D13: 9470 | E13: 9315 | F13: =(IF(ISBLANK(E13),0,E13-C13))/C13 -> 0.25167966 | G13: =D13/($D$2*24) -> 0.22068419 | H13: =D13/($H$2*24) -> 0.26305556 | I13: 6.51 | J13: 7.17 | K13: =(IF(ISBLANK(J13),0,J13-I13))/I13 -> 0.10138249 | L13: =D13/($D$2*J13) -> 0.73869185 | M13: 1 | N13: 0.9292 | O13: 1057 | P13: 0 | Q13: Inv.01 & 05 Manually off due to 20 % Load curtailment ALDC Request
A14: =A13+1 -> 46123 | B14: 8938 | C14: 7442 | D14: 10087 | E14: 10050 | F14: =(IF(ISBLANK(E14),0,E14-C14))/C14 -> 0.35044343 | G14: =D14/($D$2*24) -> 0.23506245 | H14: =D14/($H$2*24) -> 0.28019444 | I14: 6.51 | J14: 7.18 | K14: =(IF(ISBLANK(J14),0,J14-I14))/I14 -> 0.10291859 | L14: =D14/($D$2*J14) -> 0.78572408 | M14: 1 | N14: 1 | O14: 0 | P14: 0
A15: =A14+1 -> 46124 | B15: 8938 | C15: 7442 | D15: 10364 | E15: 10230 | F15: =(IF(ISBLANK(E15),0,E15-C15))/C15 -> 0.37463048 | G15: =D15/($D$2*24) -> 0.24151752 | H15: =D15/($H$2*24) -> 0.28788889 | I15: 6.51 | J15: 7.12 | K15: =(IF(ISBLANK(J15),0,J15-I15))/I15 -> 0.093701997 | L15: =D15/($D$2*J15) -> 0.81410401 | M15: 1 | N15: 1 | O15: 0 | P15: 0
A16: =A15+1 -> 46125 | B16: 8938 | C16: 7442 | D16: 10055 | E16: 10215 | F16: =(IF(ISBLANK(E16),0,E16-C16))/C16 -> 0.37261489 | G16: =D16/($D$2*24) -> 0.23431674 | H16: =D16/($H$2*24) -> 0.27930556 | I16: 6.51 | J16: 6.91 | K16: =(IF(ISBLANK(J16),0,J16-I16))/I16 -> 0.061443932 | L16: =D16/($D$2*J16) -> 0.81383528 | M16: 1 | N16: 1 | O16: 0 | P16: 0
A17: =A16+1 -> 46126 | B17: 8938 | C17: 7442 | D17: 9803 | E17: 9765 | F17: =(IF(ISBLANK(E17),0,E17-C17))/C17 -> 0.31214727 | G17: =D17/($D$2*24) -> 0.22844426 | H17: =D17/($H$2*24) -> 0.27230556 | I17: 6.51 | J17: 7.22 | K17: =(IF(ISBLANK(J17),0,J17-I17))/I17 -> 0.10906298 | L17: =D17/($D$2*J17) -> 0.75937149 | M17: 1 | N17: 0.9528 | O17: 731 | P17: 0 | Q17: Inv.04 & 08 Manually off due to 30 % Load curtailment ALDC Request
A18: =A17+1 -> 46127 | B18: 8938 | C18: 7442 | D18: 9756 | E18: 9690 | F18: =(IF(ISBLANK(E18),0,E18-C18))/C18 -> 0.30206934 | G18: =D18/($D$2*24) -> 0.22734899 | H18: =D18/($H$2*24) -> 0.271 | I18: 6.51 | J18: 6.97 | K18: =(IF(ISBLANK(J18),0,J18-I18))/I18 -> 0.070660522 | L18: =D18/($D$2*J18) -> 0.78283728 | M18: 1 | N18: 0.9736 | O18: 401 | P18: 0 | Q18: Inv.05 Manually off due to 30 % Load curtailment ALDC Request
A19: =A18+1 -> 46128 | B19: 8938 | C19: 7442 | D19: 10180 | E19: 10080 | F19: =(IF(ISBLANK(E19),0,E19-C19))/C19 -> 0.3544746 | G19: =D19/($D$2*24) -> 0.23722968 | H19: =D19/($H$2*24) -> 0.28277778 | I19: 6.51 | J19: 7.1 | K19: =(IF(ISBLANK(J19),0,J19-I19))/I19 -> 0.0906298 | L19: =D19/($D$2*J19) -> 0.80190314 | M19: 1 | N19: 0.9861 | O19: 220 | P19: 0 | Q19: Inv.04 Manually off due to 30 % Load curtailment ALDC Request
A20: =A19+1 -> 46129 | B20: 8938 | C20: 7442 | D20: 10403 | E20: 10380 | F20: =(IF(ISBLANK(E20),0,E20-C20))/C20 -> 0.39478635 | G20: =D20/($D$2*24) -> 0.24242636 | H20: =D20/($H$2*24) -> 0.28897222 | I20: 6.51 | J20: 7.41 | K20: =(IF(ISBLANK(J20),0,J20-I20))/I20 -> 0.13824885 | L20: =D20/($D$2*J20) -> 0.78518659 | M20: 1 | N20: 0.9653 | O20: 563 | P20: 0 | Q20: Inv.05 Manually off due to 30 % Load curtailment ALDC Request
A21: =A20+1 -> 46130 | B21: 8938 | C21: 7442 | D21: 10437 | E21: 10380 | F21: =(IF(ISBLANK(E21),0,E21-C21))/C21 -> 0.39478635 | G21: =D21/($D$2*24) -> 0.24321868 | H21: =D21/($H$2*24) -> 0.28991667 | I21: 6.51 | J21: 7.3 | K21: =(IF(ISBLANK(J21),0,J21-I21))/I21 -> 0.12135177 | L21: =D21/($D$2*J21) -> 0.79962306 | M21: 1 | N21: 0.9778 | O21: 384 | P21: 0 | Q21: Inv.05 Manually off due to 20 % Load curtailment ALDC Request
A22: =A21+1 -> 46131 | B22: 8938 | C22: 7442 | D22: 9970 | E22: 9855 | F22: =(IF(ISBLANK(E22),0,E22-C22))/C22 -> 0.3242408 | G22: =D22/($D$2*24) -> 0.23233594 | H22: =D22/($H$2*24) -> 0.27694444 | I22: 6.51 | J22: 7.19 | K22: =(IF(ISBLANK(J22),0,J22-I22))/I22 -> 0.10445469 | L22: =D22/($D$2*J22) -> 0.77553027 | M22: 1 | N22: 0.95 | O22: 770 | P22: 0 | Q22: Inv.01 Manually off due to 20 % Load curtailment ALDC Request
A23: =A22+1 -> 46132 | B23: 8938 | C23: 7442 | D23: 10457 | E23: 10440 | F23: =(IF(ISBLANK(E23),0,E23-C23))/C23 -> 0.4028487 | G23: =D23/($D$2*24) -> 0.24368475 | H23: =D23/($H$2*24) -> 0.29047222 | I23: 6.51 | J23: 7.21 | K23: =(IF(ISBLANK(J23),0,J23-I23))/I23 -> 0.10752688 | L23: =D23/($D$2*J23) -> 0.8111559 | M23: 1 | N23: 0.9681 | O23: 524 | P23: 0 | Q23: Inv.08 Manually off due to 30 % Load curtailment ALDC Request
A24: =A23+1 -> 46133 | B24: 8938 | C24: 7442 | D24: 10470 | E24: 10395 | F24: =(IF(ISBLANK(E24),0,E24-C24))/C24 -> 0.39680193 | G24: =D24/($D$2*24) -> 0.2439877 | H24: =D24/($H$2*24) -> 0.29083333 | I24: 6.51 | J24: 7.25 | K24: =(IF(ISBLANK(J24),0,J24-I24))/I24 -> 0.11367127 | L24: =D24/($D$2*J24) -> 0.80768341 | M24: 1 | N24: 0.975 | O24: 427 | P24: 0 | Q24: Inv.05 Manually off due to 30 % Load curtailment ALDC Request
A25: =A24+1 -> 46134 | B25: 8938 | C25: 7442 | D25: 10286 | E25: 10215 | F25: =(IF(ISBLANK(E25),0,E25-C25))/C25 -> 0.37261489 | G25: =D25/($D$2*24) -> 0.23969985 | H25: =D25/($H$2*24) -> 0.28572222 | I25: 6.51 | J25: 7.07 | K25: =(IF(ISBLANK(J25),0,J25-I25))/I25 -> 0.086021505 | L25: =D25/($D$2*J25) -> 0.81369115 | M25: 1 | N25: 0.9639 | O25: 608 | P25: 0 | Q25: Inv.01 Manually off due to 30 % Load curtailment ALDC Request
A26: =A25+1 -> 46135 | B26: 8938 | C26: 7442 | D26: 10408 | E26: 10335 | F26: =(IF(ISBLANK(E26),0,E26-C26))/C26 -> 0.38873959 | G26: =D26/($D$2*24) -> 0.24254288 | H26: =D26/($H$2*24) -> 0.28911111 | I26: 6.51 | J26: 7.37 | K26: =(IF(ISBLANK(J26),0,J26-I26))/I26 -> 0.13210445 | L26: =D26/($D$2*J26) -> 0.78982756 | M26: 1 | N26: 0.9597 | O26: 638 | P26: 0 | Q26: 20 % Load curtailment ALDC Request
A27: =A26+1 -> 46136 | B27: 8938 | C27: 7442 | D27: 10435 | E27: 10350 | F27: =(IF(ISBLANK(E27),0,E27-C27))/C27 -> 0.39075517 | G27: =D27/($D$2*24) -> 0.24317207 | H27: =D27/($H$2*24) -> 0.28986111 | I27: 6.51 | J27: 7.25 | K27: =(IF(ISBLANK(J27),0,J27-I27))/I27 -> 0.11367127 | L27: =D27/($D$2*J27) -> 0.80498341 | M27: 1 | N27: 0.9778 | O27: 357 | P27: 0 | Q27: 20 % Load curtailment ALDC Request
A28: =A27+1 -> 46137 | B28: 8938 | C28: 7442 | D28: 10436 | E28: 10455 | F28: =(IF(ISBLANK(E28),0,E28-C28))/C28 -> 0.40486428 | G28: =D28/($D$2*24) -> 0.24319538 | H28: =D28/($H$2*24) -> 0.28988889 | I28: 6.51 | J28: 7.28 | K28: =(IF(ISBLANK(J28),0,J28-I28))/I28 -> 0.11827957 | L28: =D28/($D$2*J28) -> 0.801743 | M28: 1 | N28: 1 | O28: 0 | P28: 0
A29: =A28+1 -> 46138 | B29: 8938 | C29: 7442 | D29: 10643 | E29: 10575 | F29: =(IF(ISBLANK(E29),0,E29-C29))/C29 -> 0.42098898 | G29: =D29/($D$2*24) -> 0.2480192 | H29: =D29/($H$2*24) -> 0.29563889 | I29: 6.51 | J29: 7.11 | K29: =(IF(ISBLANK(J29),0,J29-I29))/I29 -> 0.092165899 | L29: =D29/($D$2*J29) -> 0.83719562 | M29: 1 | N29: 1 | O29: 0 | P29: 0
A30: =A29+1 -> 46139 | B30: 8938 | C30: 7442 | F30: =(IF(ISBLANK(E30),0,E30-C30))/C30 -> #VALUE! | G30: =D30/($D$2*24) -> #VALUE! | H30: =D30/($H$2*24) -> #VALUE! | I30: 6.51 | K30: =(IF(ISBLANK(J30),0,J30-I30))/I30 -> 0 | L30: =D30/($D$2*J30) -> #VALUE!
A31: =A30+1 -> 46140 | B31: 8938 | C31: 7442 | F31: =(IF(ISBLANK(E31),0,E31-C31))/C31 -> #VALUE! | G31: =D31/($D$2*24) -> #VALUE! | H31: =D31/($H$2*24) -> #VALUE! | I31: 6.51 | K31: =(IF(ISBLANK(J31),0,J31-I31))/I31 -> 0 | L31: =D31/($D$2*J31) -> #VALUE!
A32: =A31+1 -> 46141 | B32: 8938 | C32: 7442 | F32: =(IF(ISBLANK(E32),0,E32-C32))/C32 -> #VALUE! | G32: =D32/($D$2*24) -> #VALUE! | H32: =D32/($H$2*24) -> #VALUE! | I32: 6.51 | K32: =(IF(ISBLANK(J32),0,J32-I32))/I32 -> 0 | L32: =D32/($D$2*J32) -> #VALUE!
A33: =A32+1 -> 46142 | B33: 8938 | C33: 7442 | F33: =(IF(ISBLANK(E33),0,E33-C33))/C33 -> #VALUE! | G33: =D33/($D$2*24) -> #VALUE! | H33: =D33/($H$2*24) -> #VALUE! | I33: 6.51 | K33: =(IF(ISBLANK(J33),0,J33-I33))/I33 -> 0 | L33: =D33/($D$2*J33) -> #VALUE!
A34: 46113 | B34: =SUM(B4:B33) -> 268140 | C34: =SUM(C4:C33) -> 223260 | D34: =SUM(D4:D33) -> 249616 | E34: =SUM(E4:E33) -> 248355 | F34: =(IF(ISBLANK(E34),0,E34-C34))/C34 -> 0.11240258 | G34: =AVERAGE(G4:G33) -> #VALUE! | H34: =AVERAGE(H4:H33) -> #VALUE! | I34: =SUM(I4:I33) -> 195.3 | J34: =SUM(J4:J33) -> 180.56 | K34: =(IF(ISBLANK(J34),0,J34-I34))/I34 -> -0.07547363 | L34: =D34/($D$2*J34) -> 0.77318489 | M34: =AVERAGE(M4:M33) -> 1 | N34: =AVERAGE(N4:N33) -> 0.94943846 | O34: =SUM(O4:O33) -> 18057 | P34: =SUM(P4:P33) -> 0
A35: 46143 | F35: =(IF(ISBLANK(E35),0,E35-C35))/C35 -> #DIV/0! | G35: =D35/($D$2*24) -> 0 | H35: =D35/($H$2*24) -> 0 | K35: =(IF(ISBLANK(J35),0,J35-I35))/I35 -> #DIV/0! | L35: =D35/($D$2*J35) -> #DIV/0!
A36: =A35+1 -> 46144 | F36: =(IF(ISBLANK(E36),0,E36-C36))/C36 -> #DIV/0! | G36: =D36/($D$2*24) -> 0 | H36: =D36/($H$2*24) -> 0 | K36: =(IF(ISBLANK(J36),0,J36-I36))/I36 -> #DIV/0! | L36: =D36/($D$2*J36) -> #DIV/0!
A37: =A36+1 -> 46145 | F37: =(IF(ISBLANK(E37),0,E37-C37))/C37 -> #DIV/0! | G37: =D37/($D$2*24) -> 0 | H37: =D37/($H$2*24) -> 0 | K37: =(IF(ISBLANK(J37),0,J37-I37))/I37 -> #DIV/0! | L37: =D37/($D$2*J37) -> #DIV/0!
A38: =A37+1 -> 46146 | F38: =(IF(ISBLANK(E38),0,E38-C38))/C38 -> #DIV/0! | G38: =D38/($D$2*24) -> 0 | H38: =D38/($H$2*24) -> 0 | K38: =(IF(ISBLANK(J38),0,J38-I38))/I38 -> #DIV/0! | L38: =D38/($D$2*J38) -> #DIV/0!
A39: =A38+1 -> 46147 | F39: =(IF(ISBLANK(E39),0,E39-C39))/C39 -> #DIV/0! | G39: =D39/($D$2*24) -> 0 | H39: =D39/($H$2*24) -> 0 | K39: =(IF(ISBLANK(J39),0,J39-I39))/I39 -> #DIV/0! | L39: =D39/($D$2*J39) -> #DIV/0!
A40: =A39+1 -> 46148 | F40: =(IF(ISBLANK(E40),0,E40-C40))/C40 -> #DIV/0! | G40: =D40/($D$2*24) -> 0 | H40: =D40/($H$2*24) -> 0 | K40: =(IF(ISBLANK(J40),0,J40-I40))/I40 -> #DIV/0! | L40: =D40/($D$2*J40) -> #DIV/0!
A41: =A40+1 -> 46149 | F41: =(IF(ISBLANK(E41),0,E41-C41))/C41 -> #DIV/0! | G41: =D41/($D$2*24) -> 0 | H41: =D41/($H$2*24) -> 0 | K41: =(IF(ISBLANK(J41),0,J41-I41))/I41 -> #DIV/0! | L41: =D41/($D$2*J41) -> #DIV/0!
A42: =A41+1 -> 46150 | F42: =(IF(ISBLANK(E42),0,E42-C42))/C42 -> #DIV/0! | G42: =D42/($D$2*24) -> 0 | H42: =D42/($H$2*24) -> 0 | K42: =(IF(ISBLANK(J42),0,J42-I42))/I42 -> #DIV/0! | L42: =D42/($D$2*J42) -> #DIV/0!
A43: =A42+1 -> 46151 | F43: =(IF(ISBLANK(E43),0,E43-C43))/C43 -> #DIV/0! | G43: =D43/($D$2*24) -> 0 | H43: =D43/($H$2*24) -> 0 | K43: =(IF(ISBLANK(J43),0,J43-I43))/I43 -> #DIV/0! | L43: =D43/($D$2*J43) -> #DIV/0!
A44: =A43+1 -> 46152 | F44: =(IF(ISBLANK(E44),0,E44-C44))/C44 -> #DIV/0! | G44: =D44/($D$2*24) -> 0 | H44: =D44/($H$2*24) -> 0 | K44: =(IF(ISBLANK(J44),0,J44-I44))/I44 -> #DIV/0! | L44: =D44/($D$2*J44) -> #DIV/0!
A45: =A44+1 -> 46153 | F45: =(IF(ISBLANK(E45),0,E45-C45))/C45 -> #DIV/0! | G45: =D45/($D$2*24) -> 0 | H45: =D45/($H$2*24) -> 0 | K45: =(IF(ISBLANK(J45),0,J45-I45))/I45 -> #DIV/0! | L45: =D45/($D$2*J45) -> #DIV/0!
A46: =A45+1 -> 46154 | F46: =(IF(ISBLANK(E46),0,E46-C46))/C46 -> #DIV/0! | G46: =D46/($D$2*24) -> 0 | H46: =D46/($H$2*24) -> 0 | K46: =(IF(ISBLANK(J46),0,J46-I46))/I46 -> #DIV/0! | L46: =D46/($D$2*J46) -> #DIV/0!
A47: =A46+1 -> 46155 | F47: =(IF(ISBLANK(E47),0,E47-C47))/C47 -> #DIV/0! | G47: =D47/($D$2*24) -> 0 | H47: =D47/($H$2*24) -> 0 | K47: =(IF(ISBLANK(J47),0,J47-I47))/I47 -> #DIV/0! | L47: =D47/($D$2*J47) -> #DIV/0!
... A65: =A64+1 -> 46173 | F65: =(IF(ISBLANK(E65),0,E65-C65))/C65 -> #DIV/0! | G65: =D65/($D$2*24) -> 0 | H65: =D65/($H$2*24) -> 0 | K65: =(IF(ISBLANK(J65),0,J65-I65))/I65 -> #DIV/0! | L65: =D65/($D$2*J65) -> #DIV/0!
A66: 46143 | B66: =SUM(B35:B65) -> 0 | C66: =SUM(C35:C65) -> 0 | D66: =SUM(D35:D65) -> 0 | E66: =SUM(E35:E65) -> 0 | F66: =(IF(ISBLANK(E66),0,E66-C66))/C66 -> #DIV/0! | G66: =AVERAGE(G35:G65) -> 0 | H66: =AVERAGE(H35:H65) -> 0 | I66: =SUM(I35:I65) -> 0 | J66: =SUM(J35:J65) -> 0 | K66: =(IF(ISBLANK(J66),0,J66-I66))/I66 -> #DIV/0! | L66: =D66/($D$2*J66) -> #DIV/0! | M66: =AVERAGE(M35:M65) -> #DIV/0! | N66: =AVERAGE(N35:N65) -> #DIV/0! | O66: =SUM(O35:O65) -> 0 | P66: =SUM(P35:P65) -> 0

Sheet GHCL-1
A1: GHCL PHASE-1_MUSIRI_TN_10 MWp
A2: 46113 | B2: DC Capacity (kWp): | D2: 10000 | E2: AC capacity (kWp): | H2: 7500 | I2: COD : | K2: 20-01-2022
A3: Date | B3: Expected Generation | C3: Guaranteed Generation (kWh) | D3: Inverter Generation (kWh) | E3: ABT Meter Generation at Plant End (kWh) | F3: Generation difference (%) | G3: DC-CUF | H3: AC-CUF | I3: Pvsyst Irradiation (kWh/m2) | J3: Actual Irradiation (kWh/m2) | K3: Radiation Difference (%) | L3: PR | M3: Plant Availability | N3: Grid Availability | O3: Losses due to Grid Unavailability | P3: Losses due to Plant Unavailability | Q3: Remarks
A4: =A2 -> 46113 | B4: 48043 | C4: 39729 | D4: 45419.1 | E4: 44640 | F4: =(IF(ISBLANK(E4),0,E4-C4))/C4 -> 0.12361247 | G4: =D4/($D$2*24) -> 0.18924625 | H4: =D4/($H$2*24) -> 0.25232833 | I4: 5.84 | J4: 7.02 | K4: =(IF(ISBLANK(J4),0,J4-I4))/I4 -> 0.20205479 | L4: =D4/($D$2*J4) -> 0.64699573 | M4: 1 | N4: 0.9091 | O4: 6864 | P4: 0 | Q4: TNEB Load Shedding
A5: =A4+1 -> 46114 | B5: 48043 | C5: 39729 | D5: 50396.1 | E5: 49520 | F5: =(IF(ISBLANK(E5),0,E5-C5))/C5 -> 0.24644466 | G5: =D5/($D$2*24) -> 0.20998375 | H5: =D5/($H$2*24) -> 0.27997833 | I5: 5.84 | J5: 7.14 | K5: =(IF(ISBLANK(J5),0,J5-I5))/I5 -> 0.22260274 | L5: =D5/($D$2*J5) -> 0.70582773 | M5: 1 | N5: 0.9524 | O5: 3465 | P5: 0 | Q5: TNEB Load Shedding
A6: =A5+1 -> 46115 | B6: 48043 | C6: 39729 | D6: 40731.9 | E6: 40160 | F6: =(IF(ISBLANK(E6),0,E6-C6))/C6 -> 0.010848499 | G6: =D6/($D$2*24) -> 0.16971625 | H6: =D6/($H$2*24) -> 0.22628833 | I6: 5.84 | J6: 5.95 | K6: =(IF(ISBLANK(J6),0,J6-I6))/I6 -> 0.018835616 | L6: =D6/($D$2*J6) -> 0.68456975 | M6: 1 | N6: 0.9498 | O6: 4144 | P6: 0 | Q6: TNEB Load Shedding
A7: =A6+1 -> 46116 | B7: 48043 | C7: 39729 | D7: 38691.4 | E7: 38000 | F7: =(IF(ISBLANK(E7),0,E7-C7))/C7 -> -0.043519847 | G7: =D7/($D$2*24) -> 0.16121417 | H7: =D7/($H$2*24) -> 0.21495222 | I7: 5.84 | J7: 5.57 | K7: =(IF(ISBLANK(J7),0,J7-I7))/I7 -> -0.046232877 | L7: =D7/($D$2*J7) -> 0.69463914 | M7: 1 | N7: 0.9566 | O7: 3108 | P7: 0 | Q7: TNEB Load Shedding
A8: =A7+1 -> 46117 | B8: 48043 | C8: 39729 | D8: 41408.1 | E8: 40960 | F8: =(IF(ISBLANK(E8),0,E8-C8))/C8 -> 0.030984923 | G8: =D8/($D$2*24) -> 0.17253375 | H8: =D8/($H$2*24) -> 0.230045 | I8: 5.84 | J8: 6.16 | K8: =(IF(ISBLANK(J8),0,J8-I8))/I8 -> 0.054794521 | L8: =D8/($D$2*J8) -> 0.67220942 | M8: 1 | N8: 0.9355 | O8: 4544 | P8: 0 | Q8: TNEB Load Shedding
A9: =A8+1 -> 46118 | B9: 48043 | C9: 39729 | D9: 31151.6 | E9: 30800 | F9: =(IF(ISBLANK(E9),0,E9-C9))/C9 -> -0.22474767 | G9: =D9/($D$2*24) -> 0.12979833 | H9: =D9/($H$2*24) -> 0.17306444 | I9: 5.84 | J9: 4.52 | K9: =(IF(ISBLANK(J9),0,J9-I9))/I9 -> -0.2260274 | L9: =D9/($D$2*J9) -> 0.68919469 | M9: 1 | N9: 0.9536 | O9: 3626 | P9: 0 | Q9: TNEB Load Shedding
A10: =A9+1 -> 46119 | B10: 48043 | C10: 39729 | D10: 45314.6 | E10: 44640 | F10: =(IF(ISBLANK(E10),0,E10-C10))/C10 -> 0.12361247 | G10: =D10/($D$2*24) -> 0.18881083 | H10: =D10/($H$2*24) -> 0.25174778 | I10: 5.84 | J10: 6.42 | K10: =(IF(ISBLANK(J10),0,J10-I10))/I10 -> 0.099315068 | L10: =D10/($D$2*J10) -> 0.70583489 | M10: 1 | N10: 0.9549 | O10: 3420 | P10: 0 | Q10: TNEB Load Shedding
A11: =A10+1 -> 46120 | B11: 48043 | C11: 39729 | D11: 44858.3 | E11: 44080 | F11: =(IF(ISBLANK(E11),0,E11-C11))/C11 -> 0.10951698 | G11: =D11/($D$2*24) -> 0.18690958 | H11: =D11/($H$2*24) -> 0.24921278 | I11: 5.84 | J11: 6.75 | K11: =(IF(ISBLANK(J11),0,J11-I11))/I11 -> 0.15582192 | L11: =D11/($D$2*J11) -> 0.66456741 | M11: 1 | N11: 0.9135 | O11: 6068 | P11: 0 | Q11: TNEB Load Shedding
A12: =A11+1 -> 46121 | B12: 48043 | C12: 39729 | D12: 40708.9 | E12: 40080 | F12: =(IF(ISBLANK(E12),0,E12-C12))/C12 -> 0.0088348562 | G12: =D12/($D$2*24) -> 0.16962042 | H12: =D12/($H$2*24) -> 0.22616056 | I12: 5.84 | J12: 6.04 | K12: =(IF(ISBLANK(J12),0,J12-I12))/I12 -> 0.034246575 | L12: =D12/($D$2*J12) -> 0.67398841 | M12: 1 | N12: 0.9535 | O12: 3552 | P12: 0 | Q12: TNEB Load Shedding
A13: =A12+1 -> 46122 | B13: 48043 | C13: 39729 | D13: 42582.1 | E13: 41920 | F13: =(IF(ISBLANK(E13),0,E13-C13))/C13 -> 0.055148632 | G13: =D13/($D$2*24) -> 0.17742542 | H13: =D13/($H$2*24) -> 0.23656722 | I13: 5.84 | J13: 6.14 | K13: =(IF(ISBLANK(J13),0,J13-I13))/I13 -> 0.051369863 | L13: =D13/($D$2*J13) -> 0.69351954 | M13: 1 | N13: 0.9568 | O13: 3300 | P13: 0 | Q13: TNEB Load Shedding
A14: =A13+1 -> 46123 | B14: 48043 | C14: 39729 | D14: 42420 | E14: 41840 | F14: =(IF(ISBLANK(E14),0,E14-C14))/C14 -> 0.05313499 | G14: =D14/($D$2*24) -> 0.17675 | H14: =D14/($H$2*24) -> 0.23566667 | I14: 5.84 | J14: 5.87 | K14: =(IF(ISBLANK(J14),0,J14-I14))/I14 -> 0.0051369863 | L14: =D14/($D$2*J14) -> 0.72265758 | M14: 1 | N14: 0.9575 | O14: 3000 | P14: 0 | Q14: TNEB Load Shedding
A15: =A14+1 -> 46124 | B15: 48043 | C15: 39729 | D15: 48410.1 | E15: 47600 | F15: =(IF(ISBLANK(E15),0,E15-C15))/C15 -> 0.19811724 | G15: =D15/($D$2*24) -> 0.20170875 | H15: =D15/($H$2*24) -> 0.268945 | I15: 5.84 | J15: 7.03 | K15: =(IF(ISBLANK(J15),0,J15-I15))/I15 -> 0.20376712 | L15: =D15/($D$2*J15) -> 0.68862162 | M15: 1 | N15: 0.9515 | O15: 3750 | P15: 0 | Q15: TNEB Load Shedding
A16: =A15+1 -> 46125 | B16: 48043 | C16: 39729 | D16: 45051.7 | E16: 44320 | F16: =(IF(ISBLANK(E16),0,E16-C16))/C16 -> 0.1155579 | G16: =D16/($D$2*24) -> 0.18771542 | H16: =D16/($H$2*24) -> 0.25028722 | I16: 5.84 | J16: 6.23 | K16: =(IF(ISBLANK(J16),0,J16-I16))/I16 -> 0.066780822 | L16: =D16/($D$2*J16) -> 0.72314125 | M16: 1 | N16: 0.9607 | O16: 2880 | P16: 0 | Q16: TNEB Load Shedding
... A33: =A32+1 -> 46142 | B33: 48043 | C33: 39729 | D33: 42927.6 | E33: 42240 | F33: =(IF(ISBLANK(E33),0,E33-C33))/C33 -> 0.063203202 | G33: =D33/($D$2*24) -> 0.178865 | H33: =D33/($H$2*24) -> 0.23848667 | I33: 5.84 | J33: 6.03 | K33: =(IF(ISBLANK(J33),0,J33-I33))/I33 -> 0.032534247 | L33: =D33/($D$2*J33) -> 0.7119005 | M33: 1 | N33: 0.9569 | O33: 3256 | P33: 0 | Q33: TNEB Load Shedding
A34: 46113 | B34: =SUM(B4:B33) -> 1441290 | C34: =SUM(C4:C33) -> 1191870 | D34: =SUM(D4:D33) -> 1300330.5 | E34: =SUM(E4:E33) -> 1280640 | F34: =(IF(ISBLANK(E34),0,E34-C34))/C34 -> 0.074479599 | G34: =AVERAGE(G4:G33) -> 0.18060146 | H34: =AVERAGE(H4:H33) -> 0.24080194 | I34: =SUM(I4:I33) -> 175.2 | J34: =SUM(J4:J33) -> 188.93 | K34: =(IF(ISBLANK(J34),0,J34-I34))/I34 -> 0.07836758 | L34: =D34/($D$2*J34) -> 0.68826047 | M34: =AVERAGE(M4:M33) -> 1 | N34: =AVERAGE(N4:N33) -> 0.94625 | O34: =SUM(O4:O33) -> 114903 | P34: =SUM(P4:P33) -> 0
A35: 46143 | B35: 45684 | C35: 37778 | D35: 32756.6 | E35: 32560 | F35: =(IF(ISBLANK(E35),0,E35-C35))/C35 -> -0.13812272 | G35: =D35/($D$2*24) -> 0.13648583 | H35: =D35/($H$2*24) -> 0.18198111 | I35: 5.54 | J35: 4.78 | K35: =(IF(ISBLANK(J35),0,J35-I35))/I35 -> -0.13718412 | L35: =D35/($D$2*J35) -> 0.68528452 | M35: 1 | N35: 0.9559 | O35: 3312 | P35: 0 | Q35: TNEB Load Shedding
A36: =A35+1 -> 46144 | B36: 45684 | C36: 37778 | D36: 40432.1 | E36: 39840 | F36: =(IF(ISBLANK(E36),0,E36-C36))/C36 -> 0.054582032 | G36: =D36/($D$2*24) -> 0.16846708 | H36: =D36/($H$2*24) -> 0.22462278 | I36: 5.54 | J36: 5.57 | K36: =(IF(ISBLANK(J36),0,J36-I36))/I36 -> 0.0054151625 | L36: =D36/($D$2*J36) -> 0.72589048 | M36: 1 | N36: 0.9538 | O36: 3404 | P36: 0 | Q36: TNEB Load Shedding
A37: =A36+1 -> 46145 | B37: 45684 | C37: 37778 | D37: 44215.2 | E37: 43600 | F37: =(IF(ISBLANK(E37),0,E37-C37))/C37 -> 0.15411086 | G37: =D37/($D$2*24) -> 0.18423 | H37: =D37/($H$2*24) -> 0.24564 | I37: 5.54 | J37: 6.29 | K37: =(IF(ISBLANK(J37),0,J37-I37))/I37 -> 0.13537906 | L37: =D37/($D$2*J37) -> 0.70294436 | M37: 1 | N37: 0.9574 | O37: 3096 | P37: 0 | Q37: TNEB Load Shedding
A38: =A37+1 -> 46146 | B38: 45684 | C38: 37778 | D38: 29734.6 | E38: 29440 | F38: =(IF(ISBLANK(E38),0,E38-C38))/C38 -> -0.22071047 | G38: =D38/($D$2*24) -> 0.12389417 | H38: =D38/($H$2*24) -> 0.16519222 | I38: 5.54 | J38: 4.42 | K38: =(IF(ISBLANK(J38),0,J38-I38))/I38 -> -0.20216606 | L38: =D38/($D$2*J38) -> 0.67272851 | M38: 1 | N38: 0.9572 | O38: 3404 | P38: 0 | Q38: cloudy & TNEB load shedding
A39: =A38+1 -> 46147 | B39: 45684 | C39: 37778 | D39: 29882.6 | E39: 29600 | F39: =(IF(ISBLANK(E39),0,E39-C39))/C39 -> -0.2164752 | G39: =D39/($D$2*24) -> 0.12451083 | H39: =D39/($H$2*24) -> 0.16601444 | I39: 5.54 | J39: 4.26 | K39: =(IF(ISBLANK(J39),0,J39-I39))/I39 -> -0.23104693 | L39: =D39/($D$2*J39) -> 0.70146948 | M39: 1 | N39: 0.9177 | O39: 2881 | P39: 0 | Q39: cloudy & TNEB load shedding & main supply
A40: =A39+1 -> 46148 | B40: 45684 | C40: 37778 | D40: 45720.1 | E40: 44920 | F40: =(IF(ISBLANK(E40),0,E40-C40))/C40 -> 0.18905183 | G40: =D40/($D$2*24) -> 0.19050042 | H40: =D40/($H$2*24) -> 0.25400056 | I40: 5.54 | J40: 6.37 | K40: =(IF(ISBLANK(J40),0,J40-I40))/I40 -> 0.14981949 | L40: =D40/($D$2*J40) -> 0.71774097 | M40: 1 | N40: 0.9371 | O40: 3630 | P40: 0 | Q40: TNEB load shedding & main supply
A41: =A40+1 -> 46149 | F41: =(IF(ISBLANK(E41),0,E41-C41))/C41 -> #DIV/0! | G41: =D41/($D$2*24) -> 0 | H41: =D41/($H$2*24) -> 0 | K41: =(IF(ISBLANK(J41),0,J41-I41))/I41 -> #DIV/0! | L41: =D41/($D$2*J41) -> #DIV/0!
A42: =A41+1 -> 46150 | F42: =(IF(ISBLANK(E42),0,E42-C42))/C42 -> #DIV/0! | G42: =D42/($D$2*24) -> 0 | H42: =D42/($H$2*24) -> 0 | K42: =(IF(ISBLANK(J42),0,J42-I42))/I42 -> #DIV/0! | L42: =D42/($D$2*J42) -> #DIV/0!
A43: =A42+1 -> 46151 | F43: =(IF(ISBLANK(E43),0,E43-C43))/C43 -> #DIV/0! | G43: =D43/($D$2*24) -> 0 | H43: =D43/($H$2*24) -> 0 | K43: =(IF(ISBLANK(J43),0,J43-I43))/I43 -> #DIV/0! | L43: =D43/($D$2*J43) -> #DIV/0!
A44: =A43+1 -> 46152 | F44: =(IF(ISBLANK(E44),0,E44-C44))/C44 -> #DIV/0! | G44: =D44/($D$2*24) -> 0 | H44: =D44/($H$2*24) -> 0 | K44: =(IF(ISBLANK(J44),0,J44-I44))/I44 -> #DIV/0! | L44: =D44/($D$2*J44) -> #DIV/0!
A45: =A44+1 -> 46153 | F45: =(IF(ISBLANK(E45),0,E45-C45))/C45 -> #DIV/0! | G45: =D45/($D$2*24) -> 0 | H45: =D45/($H$2*24) -> 0 | K45: =(IF(ISBLANK(J45),0,J45-I45))/I45 -> #DIV/0! | L45: =D45/($D$2*J45) -> #DIV/0!
A46: =A45+1 -> 46154 | F46: =(IF(ISBLANK(E46),0,E46-C46))/C46 -> #DIV/0! | G46: =D46/($D$2*24) -> 0 | H46: =D46/($H$2*24) -> 0 | K46: =(IF(ISBLANK(J46),0,J46-I46))/I46 -> #DIV/0! | L46: =D46/($D$2*J46) -> #DIV/0!
